playerRanking,gamesPlayed,gamesStarted,minutesPlayed,pointsScored,twoPointersMade,twoPointersAttempted,twoPointersPercentage,threePointersMade,threePointersAttempted,threePointersPercentage,freeThrowsMade,freeThrowsAttempted,freeThrowsPercentage,offensiveRebounds,defensiveRebounds,totalRebounds,assists,steals,turnovers,blocks,blocksAgainst,foulsCommited,foulsDrawn,pir,player.code,player.name,player.age,player.imageUrl,player.team.code,player.team.tvCodes,player.team.name,player.team.imageUrl
1,35.0,31.0,28.825238095238095,20.4,4.3,8.0,53.9%,2.9,8.0,35.6%,3.2,3.5,91%,0.5,1.8,2.3,3.3,1.0,2.3,0.1,0.9,2.1,4.2,16.7,011987,"EDWARDS, CARSEN",26,https://media-cdn.cortextech.io/1f0da376-0fcd-4071-88cc-d7dc6ac40243.png,MUN,BAY,FC Bayern Munich,https://media-cdn.incrowdsports.com/817b0e58-d595-4b09-ab0b-1e7cc26249ff.png
2,40.0,39.0,30.82708333333333,20.0,4.4,7.9,56.3%,2.7,7.0,39.2%,3.0,3.4,86.2%,0.8,2.7,3.5,4.2,1.0,2.8,0.2,0.6,2.8,4.1,18.7,012774,"NUNN, KENDRICK",29,https://media-cdn.cortextech.io/6a45d41a-03f4-482a-b7ed-40adc56d5af8.png,PAN,PAO,Panathinaikos AKTOR Athens,https://media-cdn.incrowdsports.com/e3dff28a-9ec6-4faf-9d96-ecbc68f75780.png
3,38.0,38.0,30.39342105263158,19.8,4.9,7.6,64.5%,1.9,4.9,38.2%,4.3,4.9,88.6%,1.9,4.7,6.6,1.8,0.9,1.1,0.2,0.3,1.3,3.4,23.7,003469,"VEZENKOV, SASHA",29,https://media-cdn.cortextech.io/9e32629d-7b41-4a3e-8506-2c7e4b92859d.png,OLY,OLY,Olympiacos Piraeus,https://media-cdn.incrowdsports.com/789423ac-3cdf-4b89-b11c-b458aa5f59a6.png
4,37.0,37.0,27.329279279279277,19.0,6.2,12.0,52%,0.8,2.2,36.1%,4.1,5.6,73.4%,0.5,2.1,2.6,7.3,1.0,2.3,0.1,0.6,2.3,6.6,22.8,012608,"SHORTS, TJ",27,https://media-cdn.cortextech.io/c0323c00-43ae-41c3-ba0a-cffbb4e3854b.png,PRS,PBB,Paris Basketball,https://media-cdn.incrowdsports.com/a033e5b3-0de7-48a3-98d9-d9a4b9df1f39.png
5,30.0,30.0,27.487222222222222,17.7,3.3,6.0,55%,2.0,5.2,38.9%,5.0,5.6,89.3%,1.8,4.6,6.4,2.0,1.0,1.9,0.3,0.2,1.8,4.9,22.0,000796,"MIROTIC, NIKOLA",33,https://media-cdn.cortextech.io/14a40cc3-7032-4b61-937f-fe2d2cd2001b.png,MIL,EA7,EA7 Emporio Armani Milan,https://media-cdn.cortextech.io/9512ee73-a0f1-4647-a01e-3c2938aba6b8.png
6,33.0,33.0,27.593434343434346,17.0,2.8,5.4,52.5%,1.7,4.8,34.4%,6.3,7.0,90.4%,0.4,3.0,3.5,4.6,1.0,2.9,0.2,0.5,1.8,5.9,20.6,007027,"MALEDON, THEO",23,https://media-cdn.cortextech.io/3a8b14b1-12d8-4d17-a3f2-ad7db16f6822.png,ASV,ASV,LDLC ASVEL Villeurbanne,https://media-cdn.incrowdsports.com/e33c6d1a-95ca-4dbc-b8cb-0201812104cc.png
7,39.0,39.0,31.34230769230769,16.7,3.2,6.4,49.8%,2.3,5.7,41%,3.3,3.6,90.8%,1.4,3.9,5.3,1.7,1.1,1.4,0.3,0.4,2.1,4.1,18.3,008962,"HAYES-DAVIS, NIGEL",30,https://media-cdn.incrowdsports.com/37b00e59-560b-4b65-a269-9d2b0b8776bc.png,ULK,FBB,Fenerbahce Beko Istanbul,https://media-cdn.cortextech.io/3b7f020e-5b39-49a1-b4b2-efea918edab7.png
8,37.0,33.0,27.07702702702703,16.6,3.3,6.2,53.9%,2.1,5.5,38.6%,3.6,3.9,94.4%,0.3,1.9,2.2,3.0,1.3,1.6,0.0,0.4,2.2,4.0,16.5,009862,"PUNTER, KEVIN",31,https://media-cdn.cortextech.io/139997de-48ae-4035-9c35-75b504c82992.png,BAR,BAR,FC Barcelona,https://media-cdn.incrowdsports.com/35dfa503-e417-481f-963a-bdf6f013763e.png
9,37.0,36.0,25.791441441441442,16.1,2.9,5.7,50.7%,2.5,6.9,35.8%,2.9,4.0,73.5%,0.6,1.6,2.2,2.6,1.1,1.8,0.1,0.3,2.0,3.0,12.6,013380,"FOURNIER, EVAN",32,https://media-cdn.cortextech.io/948551c5-285e-44d1-8a50-35cd9b019e97.png,OLY,OLY,Olympiacos Piraeus,https://media-cdn.incrowdsports.com/789423ac-3cdf-4b89-b11c-b458aa5f59a6.png
10,34.0,23.0,27.644117647058824,16.0,3.2,6.0,53.2%,1.6,3.5,46.2%,4.8,5.2,91.5%,0.7,3.8,4.5,1.2,0.7,1.3,0.1,0.4,2.0,5.7,19.4,008987,"LEDAY, ZACH",30,https://media-cdn.cortextech.io/2ba1fc70-da04-4497-83bc-7ff3bc0f3c08.png,MIL,EA7,EA7 Emporio Armani Milan,https://media-cdn.cortextech.io/9512ee73-a0f1-4647-a01e-3c2938aba6b8.png
11,41.0,41.0,29.341463414634145,15.9,3.3,7.3,44.8%,1.9,5.6,33%,3.8,4.9,78.9%,0.3,2.6,3.0,5.8,1.1,1.9,0.0,0.6,1.8,4.7,17.4,005985,"JAMES, MIKE",34,https://media-cdn.cortextech.io/feff360e-eb96-423c-9538-cc5845b0bdc7.png,MCO,ASM,AS Monaco,https://media-cdn.incrowdsports.com/89ed276a-2ba3-413f-8ea2-b3be209ca129.png
12,28.0,25.0,27.45595238095238,15.6,4.4,8.6,51.3%,0.9,2.5,36.2%,4.2,5.1,82.4%,1.6,3.4,5.0,2.7,0.7,2.5,0.4,0.4,2.5,5.2,17.5,001133,"SHENGELIA, TORNIKE",33,https://media-cdn.cortextech.io/45cc5a88-23f5-4a53-9139-22ebee644841.png,VIR,VIR,Virtus Bologna,https://media-cdn.cortextech.io/1362801d-dd09-4fd0-932d-ead56063ab77.png
13,38.0,0.0,19.967543859649123,15.1,2.4,4.9,48.9%,2.5,7.4,34.3%,2.7,3.1,85.7%,0.5,1.6,2.1,1.3,0.6,1.5,0.0,0.3,1.8,2.9,10.6,012640,"HIFI, NADIR",22,https://media-cdn.cortextech.io/19d44ea8-559e-4ae0-9560-af4d0d8c7fc6.png,PRS,PBB,Paris Basketball,https://media-cdn.incrowdsports.com/a033e5b3-0de7-48a3-98d9-d9a4b9df1f39.png
14,28.0,28.0,26.258333333333333,14.9,4.3,7.4,58.7%,1.1,2.8,40.5%,2.9,3.5,82.5%,1.8,2.9,4.7,1.6,0.7,1.6,0.2,0.3,2.7,3.9,16.2,007056,"BOOKER, DEVIN",33,https://media-cdn.cortextech.io/ea98130c-13f1-4e0b-b8d9-353132cd5816.png,MUN,BAY,FC Bayern Munich,https://media-cdn.incrowdsports.com/817b0e58-d595-4b09-ab0b-1e7cc26249ff.png
15,38.0,17.0,27.061842105263157,14.9,3.7,5.9,61.5%,1.9,6.1,31.5%,1.8,2.2,81.9%,0.5,4.8,5.3,1.5,0.8,1.6,0.1,0.3,1.7,2.1,14.3,003108,"HEZONJA, MARIO",29,https://media-cdn.cortextech.io/c415b3ab-6a2d-4ff4-8504-5119fca3c9f6.png,MAD,RMB,Real Madrid,https://media-cdn.incrowdsports.com/371b0d9b-9250-4c09-bda7-0686cf024657.png
16,24.0,22.0,30.64027777777778,14.7,5.1,8.2,61.6%,0.5,1.4,32.4%,3.2,4.0,78.4%,1.3,3.8,5.0,1.4,1.3,0.9,0.2,0.3,1.9,3.0,17.5,006835,"HOARD, JAYLEN",25,https://media-cdn.cortextech.io/3fb1a66a-a679-4665-94d2-60192fcd7e16.png,TEL,MTA,Maccabi Rapyd Tel Aviv,https://media-cdn.incrowdsports.com/5c55ef14-29df-4328-bd52-a7a64c432350.png
17,34.0,18.0,25.491176470588236,14.6,2.1,4.3,47.9%,2.2,6.4,34.2%,3.8,5.1,75.6%,0.5,2.1,2.6,4.5,0.9,2.9,0.4,0.2,1.9,5.2,15.6,007975,"FRANCISCO, SYLVAIN",27,https://media-cdn.cortextech.io/bab9d21f-1fbd-401a-8b26-f9b350a4c47d.png,ZAL,ZAL,Zalgiris Kaunas,https://media-cdn.incrowdsports.com/0aa09358-3847-4c4e-b228-3582ee4e536d.png
18,34.0,23.0,26.96421568627451,14.1,4.2,8.3,50.9%,0.9,2.8,31.9%,3.1,3.6,85.2%,0.5,2.7,3.2,5.4,1.0,1.8,0.1,0.6,1.7,4.0,17.3,013369,"JONES, CARLIK",27,https://media-cdn.cortextech.io/f2faab84-1d52-4418-9885-120b0abe192e.png,PAR,PAR,Partizan Mozzart Bet Belgrade,https://media-cdn.incrowdsports.com/2681304e-77dd-4331-88b1-683078c0fb49.png
19,33.0,29.0,28.203535353535354,14.0,3.4,5.2,64.5%,1.2,3.9,29.5%,3.8,4.7,81.3%,2.2,3.9,6.1,2.3,0.9,1.9,0.3,0.4,1.8,4.7,18.6,012201,"MONEKE, CHIMA",29,https://media-cdn.cortextech.io/aa0efbb3-86a1-48df-8206-0aacbba5e0b4.png,BAS,BKN,Baskonia Vitoria-Gasteiz,https://media-cdn.incrowdsports.com/e324a6af-2a72-443e-9813-8bf2d364ddab.png
20,38.0,31.0,27.032456140350877,13.8,3.4,6.9,49%,1.5,4.1,36.5%,2.6,2.9,90%,0.6,3.6,4.2,3.1,1.2,2.2,0.2,0.5,2.7,3.7,14.4,009846,"BRYANT, ELIJAH",29,https://media-cdn.cortextech.io/c344f0a6-f545-4bfe-b59b-61f8ccce3c0e.png,IST,EFS,Anadolu Efes Istanbul,https://media-cdn.cortextech.io/9a463aa2-ceb2-481c-9a95-1cddee0a248e.png
21,39.0,38.0,27.21410256410256,13.8,3.4,6.1,55.7%,1.9,5.0,38.3%,1.3,1.6,79.4%,1.0,3.0,4.0,1.7,0.8,1.5,0.2,0.3,1.9,1.7,12.4,012745,"PARKER, JABARI",29,https://media-cdn.cortextech.io/a3dfef1d-7e92-483c-9de7-0cd252e015fe.png,BAR,BAR,FC Barcelona,https://media-cdn.incrowdsports.com/35dfa503-e417-481f-963a-bdf6f013763e.png
22,24.0,24.0,27.430555555555557,13.8,3.2,6.1,51.7%,1.8,5.2,34.1%,2.0,2.5,81.7%,1.0,3.7,4.7,2.4,1.1,1.4,0.2,0.2,1.5,3.3,15.4,004888,"CLYBURN, WILL",34,https://media-cdn.cortextech.io/26d7203d-d138-432c-8d49-16af75d6895e.png,VIR,VIR,Virtus Bologna,https://media-cdn.cortextech.io/1362801d-dd09-4fd0-932d-ead56063ab77.png
23,32.0,12.0,20.1453125,13.0,4.2,6.7,62.4%,0.5,1.8,26.8%,3.2,4.8,67.5%,1.7,2.9,4.6,1.6,0.7,1.2,0.5,0.3,2.5,3.8,14.7,011194,"PETRUSEV, FILIP",24,https://media-cdn.cortextech.io/e51a295f-bae6-49d2-b0a9-083e0e32666c.png,OLY;RED,OLY;CZV,Olympiacos Piraeus;Crvena Zvezda Meridianbet Belgrade,https://media-cdn.incrowdsports.com/789423ac-3cdf-4b89-b11c-b458aa5f59a6.png;https://media-cdn.incrowdsports.com/d2eef4a8-62df-4fdd-9076-276004268515.png
24,33.0,23.0,23.36060606060606,12.9,4.0,6.9,57.7%,0.9,2.8,34.1%,2.2,2.6,84.7%,1.7,2.4,4.1,1.1,0.5,1.5,0.5,0.4,2.5,2.3,11.9,011219,"SORKIN, ROMAN",28,https://media-cdn.cortextech.io/3b33706b-7e4e-4914-a4ff-074e7ffb43e1.png,TEL,MTA,Maccabi Rapyd Tel Aviv,https://media-cdn.incrowdsports.com/5c55ef14-29df-4328-bd52-a7a64c432350.png
25,28.0,24.0,24.464285714285715,12.6,4.0,6.6,60.2%,0.8,2.2,37.1%,2.1,2.5,85.7%,0.8,2.4,3.2,4.6,1.0,2.6,0.0,0.2,1.7,3.1,15.6,007519,"JOKUBAITIS, ROKAS",24,https://media-cdn.incrowdsports.com/14dcf6c1-2b5d-40fe-98d5-d6a38a8b9ba2.png,TEL,MTA,Maccabi Rapyd Tel Aviv,https://media-cdn.incrowdsports.com/5c55ef14-29df-4328-bd52-a7a64c432350.png
26,35.0,9.0,25.163333333333334,12.5,3.0,6.0,49.8%,1.2,3.1,38.9%,2.9,3.3,87.8%,0.1,1.7,1.9,4.1,1.1,1.8,0.2,0.2,2.1,3.1,13.4,011212,"OKOBO, ELIE",27,https://media-cdn.cortextech.io/945e4816-92ca-4aa8-a1bc-cae52d78eb78.png,MCO,ASM,AS Monaco,https://media-cdn.incrowdsports.com/89ed276a-2ba3-413f-8ea2-b3be209ca129.png
27,34.0,30.0,25.762254901960784,12.4,2.6,4.5,57.5%,2.0,4.3,46.9%,1.1,1.2,92.9%,0.7,2.4,3.0,2.1,0.8,1.4,0.2,0.4,2.1,1.3,11.5,012720,"BROWN, STERLING",29,https://media-cdn.cortextech.io/7e089e46-481e-44e5-9fa0-192215101609.png,PAR,PAR,Partizan Mozzart Bet Belgrade,https://media-cdn.incrowdsports.com/2681304e-77dd-4331-88b1-683078c0fb49.png
28,35.0,23.0,21.786190476190477,12.2,2.6,4.8,53.3%,1.3,3.5,37.2%,3.2,3.9,81.2%,0.5,2.4,2.9,2.0,0.4,1.7,0.1,0.3,1.3,3.2,12.5,006540,"MUSA, DZANAN",25,https://media-cdn.cortextech.io/1201877a-e1b6-4687-8720-0288b59018f5.png,MAD,RMB,Real Madrid,https://media-cdn.incrowdsports.com/371b0d9b-9250-4c09-bda7-0686cf024657.png
29,32.0,18.0,22.3390625,12.1,1.5,3.4,44.4%,2.5,7.4,33.9%,1.6,1.9,85%,0.2,1.1,1.3,1.5,0.3,1.4,0.0,0.6,2.3,2.2,6.2,011948,"HOWARD, MARKUS",25,https://media-cdn.cortextech.io/527ed926-2d87-4ba9-bed3-9bbb42b1cd49.png,BAS,BKN,Baskonia Vitoria-Gasteiz,https://media-cdn.incrowdsports.com/e324a6af-2a72-443e-9813-8bf2d364ddab.png
30,34.0,31.0,26.915686274509802,12.0,3.4,6.1,56.8%,0.8,3.0,27.7%,2.7,3.4,79.8%,1.0,2.9,3.9,3.9,0.7,2.0,0.3,0.2,2.8,3.3,13.6,009549,"CORDINIER, ISAIA",28,https://media-cdn.cortextech.io/b9885dd5-53ca-4f41-96f7-4b7f1c8c4d5a.png,VIR,VIR,Virtus Bologna,https://media-cdn.cortextech.io/1362801d-dd09-4fd0-932d-ead56063ab77.png
31,33.0,33.0,27.725757575757576,12.0,3.2,6.7,48.2%,1.0,2.5,39%,2.6,2.8,91.5%,1.2,2.6,3.8,1.8,0.6,1.2,0.0,0.3,2.2,2.9,12.2,013382,"RANDOLPH, LEVI",32,https://media-cdn.incrowdsports.com/aea07f5d-99a0-4194-8a18-68d5a759e5ba.png,TEL,MTA,Maccabi Rapyd Tel Aviv,https://media-cdn.incrowdsports.com/5c55ef14-29df-4328-bd52-a7a64c432350.png
32,39.0,33.0,25.74017094017094,12.0,2.3,4.0,56.1%,1.3,3.9,33.8%,3.5,4.0,86%,0.7,2.4,3.1,6.0,1.0,2.3,0.1,0.4,2.2,5.2,17.5,005928,"CAMPAZZO, FACUNDO",33,https://media-cdn.cortextech.io/c5274543-662b-4958-b6fa-3bf42b944255.png,MAD,RMB,Real Madrid,https://media-cdn.incrowdsports.com/371b0d9b-9250-4c09-bda7-0686cf024657.png
33,28.0,28.0,27.55535714285714,12.0,2.7,5.0,53.2%,1.5,3.6,42.2%,2.0,2.8,72.7%,0.6,3.0,3.6,2.6,0.7,1.5,0.0,0.2,1.5,2.8,13.3,007831,"SHIELDS, SHAVON",30,https://media-cdn.cortextech.io/fb96bfde-ab98-4253-9fd6-d3ea23b536fa.png,MIL,EA7,EA7 Emporio Armani Milan,https://media-cdn.cortextech.io/9512ee73-a0f1-4647-a01e-3c2938aba6b8.png
34,28.0,11.0,26.198214285714283,11.7,1.9,3.9,48.1%,2.0,5.2,39.3%,1.9,2.2,86.9%,0.4,2.2,2.6,4.5,1.2,1.8,0.0,0.3,0.9,3.9,15.5,007200,"LARKIN, SHANE",32,https://media-cdn.cortextech.io/8ad5b8f2-3bf2-4ae4-9a49-91160d75f3bb.png,IST,EFS,Anadolu Efes Istanbul,https://media-cdn.cortextech.io/9a463aa2-ceb2-481c-9a95-1cddee0a248e.png
35,32.0,10.0,22.633854166666666,11.6,4.3,6.9,63.2%,0.0,0.0,0%,2.9,4.4,66.4%,2.8,3.2,6.0,1.0,1.1,1.7,0.7,0.2,2.5,4.0,16.0,011981,"JONES, TYRIQUE",27,https://media-cdn.cortextech.io/a0a652d8-20c4-47b0-a673-b10abc48fff4.png,PAR,PAR,Partizan Mozzart Bet Belgrade,https://media-cdn.incrowdsports.com/2681304e-77dd-4331-88b1-683078c0fb49.png
36,35.0,27.0,26.562380952380952,11.5,3.7,6.1,60.6%,0.9,2.1,44%,1.3,2.0,66.7%,1.5,2.5,4.0,1.7,1.0,1.2,0.3,0.4,3.0,2.5,12.2,011226,"DIALLO, ALPHA",27,https://media-cdn.cortextech.io/62623d1f-4407-49ac-a0a8-5924cc103e8a.png,MCO,ASM,AS Monaco,https://media-cdn.incrowdsports.com/89ed276a-2ba3-413f-8ea2-b3be209ca129.png
37,32.0,0.0,20.593229166666667,11.5,1.8,3.3,52.8%,1.7,4.5,38.5%,2.8,3.0,94.8%,0.3,1.4,1.7,4.5,0.8,2.3,0.0,0.4,1.6,3.4,13.1,002100,"DE COLO, NANDO",37,https://media-cdn.cortextech.io/28e69311-7f90-4945-b5aa-10b966772678.png,ASV,ASV,LDLC ASVEL Villeurbanne,https://media-cdn.incrowdsports.com/e33c6d1a-95ca-4dbc-b8cb-0201812104cc.png
38,28.0,14.0,20.853571428571428,11.2,4.2,7.4,57.3%,0.4,1.0,35.7%,1.7,2.6,65.8%,1.6,2.8,4.4,1.6,0.8,1.5,0.2,1.0,2.6,3.0,11.4,011934,"WETZELL, YANNI",28,https://media-cdn.incrowdsports.com/d30b67da-dc86-45f4-969f-ecb23a50e0ef.png,BER,BER,ALBA Berlin,https://media-cdn.incrowdsports.com/ccc34858-22b0-47dc-904c-9940b0a16ff3.png
39,27.0,13.0,24.224691358024693,11.1,3.0,6.3,47.6%,0.9,3.0,30.9%,2.3,2.9,79.7%,0.6,2.0,2.7,3.7,0.9,2.1,0.1,0.3,2.1,3.0,11.0,009863,"BALDWIN IV, WADE",28,https://media-cdn.cortextech.io/4421c271-22aa-431d-abd7-99b29a85aea6.png,ULK,FBB,Fenerbahce Beko Istanbul,https://media-cdn.cortextech.io/3b7f020e-5b39-49a1-b4b2-efea918edab7.png
40,38.0,38.0,26.346929824561403,11.0,2.2,3.7,58.9%,1.7,5.1,33.2%,1.6,2.1,75.9%,1.1,3.9,4.9,1.3,0.9,1.0,0.2,0.3,2.6,2.3,11.3,012610,"WARD, TYSON",27,https://media-cdn.cortextech.io/c05273c5-2d14-410e-9bd6-f65f78da6d7c.png,PRS,PBB,Paris Basketball,https://media-cdn.incrowdsports.com/a033e5b3-0de7-48a3-98d9-d9a4b9df1f39.png
41,24.0,2.0,20.038194444444446,11.0,3.7,5.9,62.4%,0.8,2.3,36.4%,1.1,1.5,75%,1.0,3.8,4.8,1.0,0.6,1.7,0.6,0.2,2.0,1.8,11.8,013379,"METU, CHIMEZIE",27,https://media-cdn.incrowdsports.com/987ca277-8334-4862-a166-c8dd1a20ad4b.png,BAR,BAR,FC Barcelona,https://media-cdn.incrowdsports.com/35dfa503-e417-481f-963a-bdf6f013763e.png
42,36.0,25.0,22.038425925925925,10.9,2.2,3.7,58.2%,1.3,3.5,38.4%,2.5,2.9,88.3%,0.4,2.2,2.6,3.1,0.7,2.0,0.1,0.3,2.4,3.2,11.9,004004,"GUDURIC, MARKO",29,https://media-cdn.cortextech.io/ac49a13d-0aaa-4ce6-9fda-1292739525ca.png,ULK,FBB,Fenerbahce Beko Istanbul,https://media-cdn.cortextech.io/3b7f020e-5b39-49a1-b4b2-efea918edab7.png
43,37.0,7.0,22.485135135135135,10.4,1.5,3.0,51.4%,2.2,5.0,43.2%,0.8,1.0,83.3%,0.9,2.2,3.1,1.4,0.5,1.2,0.2,0.2,2.3,1.0,8.4,006961,"BIBEROVIC, TARIK",23,https://media-cdn.cortextech.io/f62a393b-7a2e-4ba8-a90f-8f7b1d56570c.png,ULK,FBB,Fenerbahce Beko Istanbul,https://media-cdn.cortextech.io/3b7f020e-5b39-49a1-b4b2-efea918edab7.png
44,33.0,3.0,20.602020202020203,10.3,1.5,2.7,54.4%,1.6,3.9,41.1%,2.5,2.7,94.4%,0.5,1.8,2.3,3.2,1.1,1.9,0.0,0.3,2.1,2.5,11.6,011224,"NAPIER, SHABAZZ",33,https://media-cdn.incrowdsports.com/94995977-a6a1-4a20-8926-04c11757b6f1.png,MUN,BAY,FC Bayern Munich,https://media-cdn.incrowdsports.com/817b0e58-d595-4b09-ab0b-1e7cc26249ff.png
45,35.0,34.0,25.374285714285715,10.3,3.0,5.8,52.5%,1.1,3.7,30.5%,0.9,1.2,71.4%,0.6,2.5,3.1,4.6,0.6,2.1,0.0,0.4,2.3,1.8,10.0,009048,"MILLER-MCINTYRE, CODI",30,https://media-cdn.cortextech.io/be4091ef-8325-4cc1-b7f9-d8e71b0f732d.png,RED,CZV,Crvena Zvezda Meridianbet Belgrade,https://media-cdn.incrowdsports.com/d2eef4a8-62df-4fdd-9076-276004268515.png
46,36.0,17.0,23.862962962962964,10.2,0.6,1.4,41.2%,2.8,6.7,42.5%,0.6,0.8,74.1%,0.4,1.5,1.9,1.5,0.5,1.2,0.0,0.2,2.1,1.3,7.0,004508,"OBST, ANDREAS",28,https://media-cdn.cortextech.io/d3d714e5-0b66-497b-afbd-2587ac9e856c.png,MUN,BAY,FC Bayern Munich,https://media-cdn.incrowdsports.com/817b0e58-d595-4b09-ab0b-1e7cc26249ff.png
47,40.0,37.0,23.263333333333332,10.2,4.2,5.7,73.8%,0.0,0.0,0%,1.8,2.4,72.2%,2.4,4.1,6.6,1.2,0.7,2.0,1.2,0.2,3.0,2.8,15.3,005791,"TAVARES, WALTER",32,https://media-cdn.cortextech.io/90f9344a-3a6f-406e-bd33-8218abd2e8f6.png,MAD,RMB,Real Madrid,https://media-cdn.incrowdsports.com/371b0d9b-9250-4c09-bda7-0686cf024657.png
48,29.0,1.0,17.17183908045977,10.0,2.5,4.4,57.5%,1.3,4.0,33.3%,1.0,1.2,77.8%,0.4,1.1,1.5,2.1,0.4,1.3,0.0,0.5,1.1,1.6,8.0,007032,"LO, MAODO",32,https://media-cdn.cortextech.io/4f56a0f9-4aaa-4477-aebc-68205cdbb245.png,PRS,PBB,Paris Basketball,https://media-cdn.incrowdsports.com/a033e5b3-0de7-48a3-98d9-d9a4b9df1f39.png
49,36.0,0.0,18.345833333333335,10.0,1.8,3.4,53.3%,1.8,3.9,46%,1.1,1.4,79.6%,0.3,1.1,1.4,2.2,0.4,1.3,0.1,0.3,2.0,1.9,8.4,009992,"BRIZUELA, DARIO",30,https://media-cdn.cortextech.io/eaddc1f6-0aec-49e2-8c65-e0a3b8b2cfe3.png,BAR,BAR,FC Barcelona,https://media-cdn.incrowdsports.com/35dfa503-e417-481f-963a-bdf6f013763e.png
50,35.0,8.0,21.01904761904762,10.0,1.3,2.7,46.8%,2.0,5.2,38.3%,1.5,1.7,86.4%,0.3,1.1,1.5,1.3,0.6,0.9,0.0,0.2,1.9,1.2,6.7,010612,"CANAAN, ISAIAH",33,https://media-cdn.cortextech.io/b6e0f4a8-c734-42b7-86d4-333594b9020b.png,RED,CZV,Crvena Zvezda Meridianbet Belgrade,https://media-cdn.incrowdsports.com/d2eef4a8-62df-4fdd-9076-276004268515.png
51,26.0,19.0,24.941025641025643,10.0,2.3,5.2,43.4%,1.3,3.9,33.7%,1.5,1.8,84.8%,1.1,2.1,3.2,2.0,0.8,2.0,0.2,0.5,2.4,2.0,7.3,012080,"LUWAWU-CABARROT, TIMOTHE",29,https://media-cdn.cortextech.io/96750db7-50f9-49bb-9fcc-56ed731ccce3.png,BAS,BKN,Baskonia Vitoria-Gasteiz,https://media-cdn.incrowdsports.com/e324a6af-2a72-443e-9813-8bf2d364ddab.png
52,40.0,27.0,27.32125,10.0,2.2,3.8,56.9%,1.5,3.6,43%,1.0,1.6,63.1%,1.6,5.4,7.0,1.4,0.9,0.6,0.3,0.3,1.2,2.0,15.3,012712,"HERNANGOMEZ, JUANCHO",29,https://media-cdn.cortextech.io/12459ba1-e2c3-4832-95de-3fbe43770024.png,PAN,PAO,Panathinaikos AKTOR Athens,https://media-cdn.incrowdsports.com/e3dff28a-9ec6-4faf-9d96-ecbc68f75780.png
53,33.0,17.0,18.717676767676767,9.9,2.8,5.4,51.4%,1.0,2.0,49.2%,1.4,2.4,59.5%,0.9,2.7,3.6,1.5,0.9,1.4,0.4,0.3,2.5,3.2,10.8,007870,"DAVIES, BRANDON",33,https://media-cdn.incrowdsports.com/81408ad9-aed4-4316-8d83-7f2f4eada6cf.png,PAR,PAR,Partizan Mozzart Bet Belgrade,https://media-cdn.incrowdsports.com/2681304e-77dd-4331-88b1-683078c0fb49.png
54,32.0,11.0,19.897395833333334,9.8,3.5,6.4,54.9%,0.5,1.9,26.7%,1.3,2.0,66.7%,2.1,4.4,6.5,2.4,0.6,2.4,0.5,0.3,2.8,1.7,10.9,012604,"WILLIAMS, TREVION",24,https://media-cdn.cortextech.io/d7e5006a-fc34-42fb-a7c3-44db1e52fd05.png,BER;TEL,BER;MTA,ALBA Berlin;Maccabi Rapyd Tel Aviv,https://media-cdn.incrowdsports.com/ccc34858-22b0-47dc-904c-9940b0a16ff3.png;https://media-cdn.incrowdsports.com/5c55ef14-29df-4328-bd52-a7a64c432350.png
55,26.0,17.0,20.512179487179488,9.7,2.8,4.5,61.9%,0.8,3.7,21.9%,1.7,2.2,78.6%,0.6,1.7,2.2,0.8,0.7,1.2,0.3,0.1,1.8,2.0,7.7,008384,"PROCIDA, GABRIELE",22,https://media-cdn.cortextech.io/747e84d4-a75e-4ef1-9775-3ea717b3d7f2.png,BER,BER,ALBA Berlin,https://media-cdn.incrowdsports.com/ccc34858-22b0-47dc-904c-9940b0a16ff3.png
56,33.0,2.0,18.716666666666665,9.7,1.5,2.8,52.7%,1.9,4.5,43.5%,0.9,1.1,81.1%,1.2,2.7,3.9,1.0,0.5,0.5,0.1,0.3,1.5,0.9,9.6,011085,"ROGKAVOPOULOS, NIKOLAOS",23,https://media-cdn.cortextech.io/bed3d164-4b15-4bcf-a8b3-4a10ab5b3872.png,BAS,BKN,Baskonia Vitoria-Gasteiz,https://media-cdn.incrowdsports.com/e324a6af-2a72-443e-9813-8bf2d364ddab.png
57,34.0,28.0,24.780882352941177,9.7,3.2,6.1,52.2%,0.6,1.7,32.8%,1.6,1.9,81.8%,0.4,2.4,2.8,4.7,0.8,1.9,0.2,0.5,1.9,2.2,11.6,013367,"FORREST, TRENT",26,https://media-cdn.cortextech.io/a329afc2-80e5-4cee-a08d-34c5d734cb3e.png,BAS,BKN,Baskonia Vitoria-Gasteiz,https://media-cdn.incrowdsports.com/e324a6af-2a72-443e-9813-8bf2d364ddab.png
58,39.0,22.0,19.822649572649574,9.6,1.6,3.0,55.2%,1.3,3.5,37.7%,2.3,2.9,79.1%,0.5,2.2,2.7,0.7,0.5,0.6,0.2,0.4,2.1,2.2,8.5,004088,"OSMAN, CEDI",29,https://media-cdn.cortextech.io/dd9f197a-73d3-4d91-a3d5-63b9d7fe0bcc.png,PAN,PAO,Panathinaikos AKTOR Athens,https://media-cdn.incrowdsports.com/e3dff28a-9ec6-4faf-9d96-ecbc68f75780.png
59,27.0,14.0,20.73827160493827,9.6,3.2,7.1,44.8%,0.4,1.7,26.1%,1.9,2.4,79.7%,0.5,1.5,2.0,3.8,0.5,2.1,0.0,0.4,1.5,2.7,8.9,008173,"SPAGNOLO, MATTEO",21,https://media-cdn.cortextech.io/560b3be0-7457-4a49-8a49-d45cb6e16996.png,BER,BER,ALBA Berlin,https://media-cdn.incrowdsports.com/ccc34858-22b0-47dc-904c-9940b0a16ff3.png
60,24.0,18.0,21.780555555555555,9.5,2.7,5.3,50%,0.8,2.6,29%,2.0,2.4,81%,0.4,1.2,1.6,5.7,0.6,2.2,0.0,0.6,1.2,2.4,10.8,008780,"HERMANNSSON, MARTIN",30,https://media-cdn.incrowdsports.com/4032c082-43d3-42a6-aaad-00ff98c2a756.png,BER,BER,ALBA Berlin,https://media-cdn.incrowdsports.com/ccc34858-22b0-47dc-904c-9940b0a16ff3.png
61,39.0,35.0,21.361538461538462,9.5,3.8,5.7,65.9%,0.0,0.1,0%,1.9,2.8,70.4%,2.0,3.0,5.0,1.2,0.6,0.9,1.3,0.3,2.2,2.2,13.4,004887,"POIRIER, VINCENT",31,https://media-cdn.incrowdsports.com/d24532c7-b1b3-42b5-b5e9-232d495fce34.png,IST,EFS,Anadolu Efes Istanbul,https://media-cdn.cortextech.io/9a463aa2-ceb2-481c-9a95-1cddee0a248e.png
61,39.0,36.0,26.32991452991453,9.5,1.9,3.4,55.6%,1.5,3.5,44.1%,1.1,1.4,79.2%,0.6,1.4,2.0,4.5,0.9,1.2,0.4,0.2,1.9,1.5,11.7,011078,"THOMPSON, DARIUS",29,https://media-cdn.cortextech.io/881d7dbd-8ffa-4eef-ba14-e0ea68c1be29.png,IST,EFS,Anadolu Efes Istanbul,https://media-cdn.cortextech.io/9a463aa2-ceb2-481c-9a95-1cddee0a248e.png
63,35.0,19.0,21.197619047619046,9.4,1.8,3.4,52.1%,1.3,3.5,36.9%,2.0,2.2,89.7%,0.6,2.3,2.9,1.7,0.6,1.1,0.1,0.1,2.8,2.3,9.0,009754,"LOYD, JORDAN",31,https://media-cdn.cortextech.io/f21f9f12-b440-41a3-87d7-aa3bbe6a36f3.png,MCO;TEL,ASM;MTA,AS Monaco;Maccabi Rapyd Tel Aviv,https://media-cdn.incrowdsports.com/89ed276a-2ba3-413f-8ea2-b3be209ca129.png;https://media-cdn.incrowdsports.com/5c55ef14-29df-4328-bd52-a7a64c432350.png
64,27.0,11.0,18.57469135802469,9.2,1.4,2.9,48.1%,1.7,4.3,39.1%,1.4,1.8,81.2%,0.5,1.0,1.4,2.9,0.5,1.3,0.1,0.3,1.9,2.2,8.3,000848,"NEDOVIC, NEMANJA",33,https://media-cdn.cortextech.io/664a91ef-82db-43d9-81c7-30bcbb9d8139.png,RED,CZV,Crvena Zvezda Meridianbet Belgrade,https://media-cdn.incrowdsports.com/d2eef4a8-62df-4fdd-9076-276004268515.png
65,39.0,2.0,21.746153846153845,9.1,1.1,2.5,45.4%,1.3,3.6,36.6%,2.9,3.1,94.1%,0.4,1.6,2.0,4.8,0.8,1.6,0.1,0.3,1.6,2.8,12.2,001926,"SLOUKAS, KOSTAS",34,https://media-cdn.cortextech.io/0a26c0f0-41a7-4ffc-8de1-e7cecbcc8338.png,PAN,PAO,Panathinaikos AKTOR Athens,https://media-cdn.incrowdsports.com/e3dff28a-9ec6-4faf-9d96-ecbc68f75780.png
66,35.0,35.0,27.185714285714287,9.0,2.0,3.5,57.7%,1.1,2.6,43.5%,1.5,2.3,67.5%,1.3,2.9,4.1,2.6,0.8,1.7,0.1,0.3,2.3,2.7,11.6,004866,"KALINIC, NIKOLA",33,https://media-cdn.cortextech.io/8b1112da-0b01-4305-b27a-c6424ef1f54f.png,RED,CZV,Crvena Zvezda Meridianbet Belgrade,https://media-cdn.incrowdsports.com/d2eef4a8-62df-4fdd-9076-276004268515.png
67,33.0,27.0,21.975252525252525,9.0,3.8,5.6,68.1%,0.0,0.0,0%,1.4,2.4,57%,2.7,3.4,6.2,0.8,0.8,0.9,0.5,0.4,2.8,2.1,12.4,010545,"SAKO, NEAL",26,https://media-cdn.cortextech.io/78789f26-e267-40eb-94ad-d646e026f6f9.png,ASV,ASV,LDLC ASVEL Villeurbanne,https://media-cdn.incrowdsports.com/e33c6d1a-95ca-4dbc-b8cb-0201812104cc.png
67,24.0,13.0,21.17361111111111,9.0,3.3,6.0,55.9%,0.3,0.6,50%,1.5,1.9,76.1%,1.1,2.5,3.6,1.9,1.1,0.9,0.5,0.0,2.3,2.2,11.6,000925,"VESELY, JAN",34,https://media-cdn.cortextech.io/7dff7151-19e6-44b3-ab0c-214861899ad0.png,BAR,BAR,FC Barcelona,https://media-cdn.incrowdsports.com/35dfa503-e417-481f-963a-bdf6f013763e.png
69,26.0,23.0,24.183333333333334,8.9,0.7,1.4,45.9%,2.0,5.7,35.6%,1.5,1.5,95%,0.4,2.0,2.4,6.7,0.5,2.9,0.0,0.2,1.3,2.1,11.7,011193,"BLATT, TAMIR",27,https://media-cdn.cortextech.io/780f9309-2c9f-4a43-be7f-9f7a7182d133.png,TEL,MTA,Maccabi Rapyd Tel Aviv,https://media-cdn.incrowdsports.com/5c55ef14-29df-4328-bd52-a7a64c432350.png
70,33.0,11.0,18.870202020202022,8.9,1.6,2.8,57.6%,1.7,3.7,45.9%,0.6,0.7,86.4%,0.2,1.2,1.4,1.6,0.7,0.5,0.3,0.1,1.9,1.0,8.1,006590,"BEAUBOIS, RODRIGUE",36,https://media-cdn.cortextech.io/281e3d42-9999-46b7-bbe4-4b03c18af2c5.png,IST,EFS,Anadolu Efes Istanbul,https://media-cdn.cortextech.io/9a463aa2-ceb2-481c-9a95-1cddee0a248e.png
71,38.0,4.0,16.58815789473684,8.8,3.6,5.0,71.6%,0.0,0.0,0%,1.6,2.3,68.5%,2.0,2.2,4.2,0.5,0.5,1.1,1.0,0.3,2.4,2.2,11.1,012788,"OTURU, DAN",25,https://media-cdn.cortextech.io/3bdc3cf1-638b-4095-8b2b-099d31ce686b.png,IST,EFS,Anadolu Efes Istanbul,https://media-cdn.cortextech.io/9a463aa2-ceb2-481c-9a95-1cddee0a248e.png
72,34.0,20.0,21.501470588235293,8.7,3.4,4.7,71.4%,0.0,0.0,0%,2.0,2.9,69.1%,1.9,3.5,5.4,0.9,0.5,0.7,1.1,0.1,1.7,2.6,14.4,011196,"HALL, DONTA",27,https://media-cdn.cortextech.io/0d150885-9a59-4287-8f10-dfea2434ace6.png,BAS,BKN,Baskonia Vitoria-Gasteiz,https://media-cdn.incrowdsports.com/e324a6af-2a72-443e-9813-8bf2d364ddab.png
73,35.0,20.0,22.906190476190478,8.6,2.1,4.5,47.8%,0.7,2.0,35.7%,2.2,2.7,82.8%,0.2,1.9,2.1,3.4,0.7,1.8,0.1,0.2,2.7,2.3,8.6,007982,"WILLIAMS-GOSS, NIGEL",30,https://media-cdn.cortextech.io/657693b6-df7a-4f83-b8d6-10c2ed158dce.png,OLY,OLY,Olympiacos Piraeus,https://media-cdn.incrowdsports.com/789423ac-3cdf-4b89-b11c-b458aa5f59a6.png
74,41.0,32.0,26.865040650406506,8.6,1.8,3.2,55%,1.2,2.8,43%,1.5,1.8,84.7%,0.4,1.8,2.1,3.2,0.9,0.8,0.1,0.2,2.0,2.2,10.6,011204,"GRANT, JERIAN",32,https://media-cdn.cortextech.io/3ef4745b-bc65-45a0-b534-e5cea140604e.png,PAN,PAO,Panathinaikos AKTOR Athens,https://media-cdn.incrowdsports.com/e3dff28a-9ec6-4faf-9d96-ecbc68f75780.png
75,27.0,23.0,22.02469135802469,8.5,1.9,3.3,57.3%,1.1,3.3,33%,1.5,1.9,82%,0.1,1.3,1.4,4.0,0.7,2.3,0.0,0.2,2.5,2.0,7.8,011064,"MANNION, NICCOLO",23,https://media-cdn.cortextech.io/048cb7be-4aed-42bc-8d85-ad6b8ad271da.png,MIL,EA7,EA7 Emporio Armani Milan,https://media-cdn.cortextech.io/9512ee73-a0f1-4647-a01e-3c2938aba6b8.png
76,28.0,20.0,16.336309523809526,8.4,3.3,5.5,60.4%,0.0,0.1,0%,1.8,2.5,72.5%,1.6,3.0,4.6,0.6,0.8,1.7,0.1,0.2,2.6,2.5,9.6,013386,"MCCORMACK, DAVID",25,https://media-cdn.incrowdsports.com/d985044f-d253-4233-9789-930d15ff22e4.png,BER;MIL,BER;EA7,ALBA Berlin;EA7 Emporio Armani Milan,https://media-cdn.incrowdsports.com/ccc34858-22b0-47dc-904c-9940b0a16ff3.png;https://media-cdn.cortextech.io/9512ee73-a0f1-4647-a01e-3c2938aba6b8.png
77,34.0,11.0,16.54264705882353,8.4,1.0,1.9,51.5%,1.7,4.3,38.8%,1.4,2.0,69.1%,0.6,2.0,2.6,0.8,0.5,1.1,0.1,0.1,1.5,1.5,7.0,007029,"SIRVYDIS, DEIVIDAS",24,https://media-cdn.cortextech.io/8541a521-e186-49b5-b66a-1a9af61829c8.png,ZAL,ZAL,Zalgiris Kaunas,https://media-cdn.incrowdsports.com/0aa09358-3847-4c4e-b228-3582ee4e536d.png
78,25.0,18.0,25.840666666666667,8.4,2.2,4.2,52.4%,1.0,2.8,35.7%,1.0,1.6,61%,1.8,4.4,6.2,1.4,1.2,1.6,1.1,0.3,2.6,1.2,10.5,013405,"ROBERSON, ANDRE",33,https://media-cdn.incrowdsports.com/68eba4db-c8c0-4aea-9fa9-5c1801e30108.png,ASV,ASV,LDLC ASVEL Villeurbanne,https://media-cdn.incrowdsports.com/e33c6d1a-95ca-4dbc-b8cb-0201812104cc.png
79,31.0,9.0,14.579569892473117,8.4,3.5,5.5,63.3%,0.1,0.3,40%,1.1,1.5,70.8%,1.8,2.2,4.0,0.6,0.4,1.4,0.7,0.4,1.7,1.4,9.4,005353,"YURTSEVEN, OMER",26,https://media-cdn.cortextech.io/29d995d1-2556-48d7-9870-ef5f214a4a5c.png,PAN,PAO,Panathinaikos AKTOR Athens,https://media-cdn.incrowdsports.com/e3dff28a-9ec6-4faf-9d96-ecbc68f75780.png
80,41.0,9.0,20.24878048780488,8.3,1.2,2.4,50.5%,1.4,3.4,41%,1.7,2.0,84.3%,0.5,0.8,1.2,2.4,0.5,1.0,0.0,0.3,2.0,2.4,8.0,008099,"STRAZEL, MATTHEW",22,https://media-cdn.cortextech.io/62264af8-6ced-4c06-9917-b872092fe532.png,MCO,ASM,AS Monaco,https://media-cdn.incrowdsports.com/89ed276a-2ba3-413f-8ea2-b3be209ca129.png
81,22.0,2.0,21.018181818181816,8.3,1.5,2.6,59.6%,1.3,2.4,52.8%,1.4,1.8,76.9%,0.6,2.1,2.8,1.7,1.0,0.9,0.1,0.2,2.0,1.6,9.9,001392,"CAUSEUR, FABIEN",37,https://media-cdn.incrowdsports.com/c02a4dc6-4b7f-4b9e-89ae-10a8ed78fd34.png,MIL,EA7,EA7 Emporio Armani Milan,https://media-cdn.cortextech.io/9512ee73-a0f1-4647-a01e-3c2938aba6b8.png
82,26.0,19.0,22.016666666666666,8.3,1.0,3.5,30%,1.7,4.8,34.1%,1.2,1.5,84.2%,0.2,1.2,1.5,3.1,0.8,1.1,0.0,0.4,1.3,2.0,7.0,011225,"LEE, PARIS",29,https://media-cdn.incrowdsports.com/05e68cf9-0a9c-4f03-a465-b109bea28982.png,ASV,ASV,LDLC ASVEL Villeurbanne,https://media-cdn.incrowdsports.com/e33c6d1a-95ca-4dbc-b8cb-0201812104cc.png
83,34.0,8.0,15.836764705882354,8.2,3.1,4.9,64.1%,0.0,0.0,0%,1.9,2.9,67.3%,1.7,2.4,4.1,0.5,0.6,1.1,0.1,0.2,1.9,3.1,10.8,003196,"HERNANGOMEZ, WILLY",30,https://media-cdn.cortextech.io/2b0a03c6-90ec-400a-8b01-6c4c8c234234.png,BAR,BAR,FC Barcelona,https://media-cdn.incrowdsports.com/35dfa503-e417-481f-963a-bdf6f013763e.png
83,34.0,34.0,26.347549019607843,8.2,1.1,2.0,56.7%,1.8,4.1,43.5%,0.7,1.0,72.7%,1.3,2.9,4.1,4.9,1.5,1.6,0.1,0.1,2.5,1.6,12.9,010391,"WEILER-BABB, NICK",29,https://media-cdn.cortextech.io/e23682a9-5374-4706-b343-36f49f61236d.png,MUN,BAY,FC Bayern Munich,https://media-cdn.incrowdsports.com/817b0e58-d595-4b09-ab0b-1e7cc26249ff.png
85,29.0,18.0,17.655172413793103,8.2,2.5,4.8,52.2%,0.6,2.6,24%,1.3,1.5,88.6%,0.9,2.3,3.2,1.4,0.3,0.9,0.1,0.4,1.5,1.5,7.6,011983,"BRAZDEIKIS, IGNAS",25,https://media-cdn.cortextech.io/32aea757-dc80-4848-82f4-525b77e0eb0d.png,ZAL,ZAL,Zalgiris Kaunas,https://media-cdn.incrowdsports.com/0aa09358-3847-4c4e-b228-3582ee4e536d.png
85,29.0,4.0,19.862643678160918,8.2,2.9,5.0,58.2%,0.0,0.0,0%,2.3,2.8,83.7%,2.7,3.1,5.8,0.8,0.6,0.6,0.7,0.2,0.7,2.5,14.4,003941,"MILUTINOV, NIKOLA",30,https://media-cdn.cortextech.io/eaac00b9-51c3-4824-83b3-5d1c9ce00881.png,OLY,OLY,Olympiacos Piraeus,https://media-cdn.incrowdsports.com/789423ac-3cdf-4b89-b11c-b458aa5f59a6.png
87,29.0,7.0,15.004597701149425,8.1,2.3,3.4,67.7%,0.8,2.2,34.9%,1.2,1.7,73.5%,1.1,1.8,2.9,0.4,0.4,0.9,0.6,0.3,2.3,1.8,7.8,011051,"SMAILAGIC, ALEN",24,https://media-cdn.cortextech.io/ae9cae56-3e7e-4f67-ad21-e0926b9f159b.png,ZAL,ZAL,Zalgiris Kaunas,https://media-cdn.incrowdsports.com/0aa09358-3847-4c4e-b228-3582ee4e536d.png
88,40.0,4.0,16.43208333333333,8.1,1.6,2.8,55.3%,1.2,2.2,52.3%,1.5,1.6,93.8%,1.0,1.7,2.6,0.8,0.3,0.4,0.0,0.2,1.6,1.8,9.0,008829,"PETERS, ALEC",29,https://media-cdn.cortextech.io/8feddbf2-03c1-4130-95fe-246f938a74d6.png,OLY,OLY,Olympiacos Piraeus,https://media-cdn.incrowdsports.com/789423ac-3cdf-4b89-b11c-b458aa5f59a6.png
89,25.0,18.0,16.474,8.0,3.4,5.4,64.2%,0.0,0.0,0%,1.2,1.8,64.4%,1.9,1.9,3.8,0.3,0.3,0.8,0.6,0.5,1.3,1.6,9.5,004554,"ZIZIC, ANTE",27,https://media-cdn.cortextech.io/a78d6cc1-d87a-43f6-a5d8-2dac9c1a9444.png,VIR,VIR,Virtus Bologna,https://media-cdn.cortextech.io/1362801d-dd09-4fd0-932d-ead56063ab77.png
90,28.0,15.0,23.375595238095237,8.0,2.2,3.6,61.8%,0.8,1.8,41.2%,1.2,1.9,65.4%,1.0,2.2,3.2,1.4,0.5,1.0,0.2,0.3,1.8,1.6,8.6,009005,"DECK, GABRIEL",29,https://media-cdn.cortextech.io/85e6487b-9481-4012-87d5-807d4ae81b30.png,MAD,RMB,Real Madrid,https://media-cdn.incrowdsports.com/371b0d9b-9250-4c09-bda7-0686cf024657.png
91,26.0,14.0,24.91217948717949,7.9,1.1,3.2,34.9%,1.4,4.0,34.6%,1.5,1.9,80%,0.6,1.7,2.2,3.0,0.9,1.1,0.0,0.3,2.0,1.8,7.3,010781,"LUNDBERG, IFFE",30,https://media-cdn.incrowdsports.com/a2cbf152-7faf-4ce6-b102-ec7cdf64d7b6.png,PAR,PAR,Partizan Mozzart Bet Belgrade,https://media-cdn.incrowdsports.com/2681304e-77dd-4331-88b1-683078c0fb49.png
92,34.0,5.0,18.65686274509804,7.8,1.2,2.2,56%,1.1,3.9,27.1%,2.2,2.4,92.5%,0.2,1.5,1.7,2.6,0.5,1.0,0.0,0.4,2.0,2.3,7.6,012585,"MORGAN, MATTHEW",27,https://media-cdn.cortextech.io/0f6439c0-63e8-4e10-b141-3c464a1fd4cd.png,VIR,VIR,Virtus Bologna,https://media-cdn.cortextech.io/1362801d-dd09-4fd0-932d-ead56063ab77.png
93,32.0,15.0,23.472395833333334,7.8,1.6,3.0,53.6%,1.1,2.9,38.7%,1.2,1.4,82.2%,0.7,1.5,2.2,3.4,0.5,1.3,0.1,0.1,2.1,1.8,8.8,011205,"HALL, DEVON",29,https://media-cdn.cortextech.io/691073bc-264c-4124-93e8-82c09abb8d5a.png,ULK,FBB,Fenerbahce Beko Istanbul,https://media-cdn.cortextech.io/3b7f020e-5b39-49a1-b4b2-efea918edab7.png
94,40.0,25.0,24.065,7.7,2.5,4.1,61.3%,0.6,1.9,31.2%,0.9,1.4,63.8%,1.3,2.8,4.1,0.5,0.4,0.4,0.2,0.2,2.0,2.2,9.1,011231,"BLOSSOMGAME, JARON",31,https://media-cdn.cortextech.io/47740cf2-cdbf-4529-9cbe-3954f423f542.png,MCO,ASM,AS Monaco,https://media-cdn.incrowdsports.com/89ed276a-2ba3-413f-8ea2-b3be209ca129.png
95,30.0,20.0,24.98,7.7,1.0,2.1,49.2%,1.4,3.4,41.2%,1.4,1.5,93.3%,1.5,2.9,4.5,1.1,0.7,0.7,0.5,0.1,2.1,1.4,9.8,006760,"BONGA, ISAAC",25,https://media-cdn.cortextech.io/a838b518-6e96-4482-b67f-90f52f979588.png,PAR,PAR,Partizan Mozzart Bet Belgrade,https://media-cdn.incrowdsports.com/2681304e-77dd-4331-88b1-683078c0fb49.png
95,33.0,9.0,18.953535353535354,7.7,1.7,3.1,55.3%,1.0,3.2,32.7%,1.1,1.5,77.1%,0.6,1.9,2.5,1.2,0.4,0.7,0.2,0.2,1.3,1.5,7.2,012609,"MALCOLM, COLLIN",27,https://media-cdn.cortextech.io/936958b4-089b-4ba9-a797-8b0d1a117b7d.png,PRS,PBB,Paris Basketball,https://media-cdn.incrowdsports.com/a033e5b3-0de7-48a3-98d9-d9a4b9df1f39.png
97,32.0,3.0,15.011979166666666,7.6,1.0,2.2,45.8%,1.6,3.8,41.3%,0.9,0.9,96.6%,0.4,1.6,2.0,0.8,0.5,0.5,0.1,0.2,1.4,0.7,6.1,013384,"BROOKS, ARMONI",26,https://media-cdn.cortextech.io/8c4d5e17-01aa-4f77-99b1-207d7c82d195.png,MIL,EA7,EA7 Emporio Armani Milan,https://media-cdn.cortextech.io/9512ee73-a0f1-4647-a01e-3c2938aba6b8.png
98,37.0,15.0,16.82162162162162,7.6,1.7,3.4,50.8%,1.1,3.2,34.5%,0.9,1.0,86.5%,0.6,2.7,3.3,0.8,0.5,1.3,0.2,0.1,1.2,1.0,6.8,013363,"NWORA, JORDAN",26,https://media-cdn.cortextech.io/07e28b94-3ed7-4077-bfea-0272d3bdea67.png,IST,EFS,Anadolu Efes Istanbul,https://media-cdn.cortextech.io/9a463aa2-ceb2-481c-9a95-1cddee0a248e.png
99,38.0,0.0,16.432894736842105,7.6,1.7,2.7,62.7%,0.9,2.9,31.2%,1.5,2.3,65.2%,0.6,1.5,2.1,1.6,0.5,1.0,0.0,0.3,1.4,1.8,7.2,007853,"MCKISSIC, SHAQUIELLE",34,https://media-cdn.cortextech.io/3e6e2015-538f-45f9-ab34-03ee341681df.png,OLY,OLY,Olympiacos Piraeus,https://media-cdn.incrowdsports.com/789423ac-3cdf-4b89-b11c-b458aa5f59a6.png
100,27.0,7.0,16.849382716049384,7.6,1.9,4.2,45.1%,0.7,2.8,23.7%,1.8,2.0,87.3%,0.3,1.3,1.6,2.9,0.4,1.5,0.0,0.2,1.2,1.8,6.5,006085,"DIMITRIJEVIC, NENO",26,https://media-cdn.incrowdsports.com/b73d9c63-2a0f-45be-bcfb-bab12c6e1043.png,MIL,EA7,EA7 Emporio Armani Milan,https://media-cdn.cortextech.io/9512ee73-a0f1-4647-a01e-3c2938aba6b8.png
101,31.0,7.0,14.638709677419355,7.5,3.2,4.9,65.6%,0.0,0.0,0%,1.2,1.8,63.2%,1.5,2.4,4.0,0.6,0.5,1.1,0.3,0.2,2.1,2.0,9.0,002581,"JAITEH, MAM",30,https://media-cdn.incrowdsports.com/81504ec9-fd6b-4124-afbf-bed470352312.png,MCO,ASM,AS Monaco,https://media-cdn.incrowdsports.com/89ed276a-2ba3-413f-8ea2-b3be209ca129.png
102,38.0,38.0,25.513157894736842,7.5,1.1,1.8,63.2%,1.5,3.9,38.8%,0.7,0.9,82.4%,1.6,3.2,4.8,1.0,0.7,0.4,0.2,0.2,2.6,1.6,9.5,012613,"JANTUNEN, MIKAEL",24,https://media-cdn.cortextech.io/7c7134c0-946e-495e-8c01-6952b2129796.png,PRS,PBB,Paris Basketball,https://media-cdn.incrowdsports.com/a033e5b3-0de7-48a3-98d9-d9a4b9df1f39.png
103,25.0,21.0,24.41133333333333,7.4,2.0,3.2,60.5%,0.8,1.8,44.4%,1.0,1.4,74.3%,1.4,3.4,4.8,1.7,0.3,0.9,0.2,0.4,0.8,1.9,11.5,007230,"SEDEKERSKIS, TADAS",26,https://media-cdn.cortextech.io/06b5ca08-62cf-4401-96f6-1b8aca1750e5.png,BAS,BKN,Baskonia Vitoria-Gasteiz,https://media-cdn.incrowdsports.com/e324a6af-2a72-443e-9813-8bf2d364ddab.png
104,29.0,2.0,16.508045977011495,7.3,2.8,4.1,66.7%,0.4,1.0,39.3%,0.6,0.7,90%,1.1,2.3,3.4,0.5,0.5,0.6,1.3,0.1,2.3,0.8,8.8,005844,"PAPAGIANNIS, GEORGIOS",27,https://media-cdn.cortextech.io/7410bb12-8f97-491b-96e4-264f048acc27.png,MCO,ASM,AS Monaco,https://media-cdn.incrowdsports.com/89ed276a-2ba3-413f-8ea2-b3be209ca129.png
105,37.0,18.0,19.570720720720722,7.1,1.8,2.9,62.6%,0.8,2.0,41.3%,1.0,1.1,88.1%,0.7,2.1,2.8,1.4,0.7,0.5,0.3,0.1,1.8,1.1,8.5,012795,"ANDERSON, JUSTIN",31,https://media-cdn.cortextech.io/fe45bbed-041c-4077-a770-db8d3c0946f0.png,BAR,BAR,FC Barcelona,https://media-cdn.incrowdsports.com/35dfa503-e417-481f-963a-bdf6f013763e.png
106,25.0,13.0,21.412,7.1,2.0,4.6,43%,0.8,2.6,30.3%,0.8,1.0,80%,0.2,1.5,1.7,3.7,0.9,0.9,0.2,0.2,2.4,1.0,6.4,012597,"BALDWIN, KAMAR",27,https://media-cdn.cortextech.io/acf4fd65-d077-415d-84fb-67005cb43e49.png,BAS,BKN,Baskonia Vitoria-Gasteiz,https://media-cdn.incrowdsports.com/e324a6af-2a72-443e-9813-8bf2d364ddab.png
107,25.0,18.0,22.40266666666667,6.9,2.4,4.6,50.9%,0.3,1.4,22.2%,1.2,1.8,67.4%,0.4,1.9,2.4,3.1,1.1,1.2,0.2,0.2,1.9,2.5,8.8,008985,"BOLMARO, LEANDRO",24,https://media-cdn.cortextech.io/1e179ffd-b315-4f4a-90ed-aeb356efa432.png,MIL,EA7,EA7 Emporio Armani Milan,https://media-cdn.cortextech.io/9512ee73-a0f1-4647-a01e-3c2938aba6b8.png
108,39.0,4.0,18.14145299145299,6.8,1.6,2.4,67.7%,0.8,2.1,38.6%,1.2,1.4,81.8%,0.6,1.8,2.5,0.9,0.3,0.9,0.1,0.2,2.2,1.7,6.7,007109,"SMITS, ROLANDS",29,https://media-cdn.cortextech.io/d4e2115d-e8a8-497e-9522-f11f7d7d0336.png,IST,EFS,Anadolu Efes Istanbul,https://media-cdn.cortextech.io/9a463aa2-ceb2-481c-9a95-1cddee0a248e.png
109,39.0,35.0,18.449572649572648,6.7,1.7,3.5,47.8%,0.9,2.5,35.7%,0.6,1.0,65.8%,1.1,2.4,3.5,0.5,0.6,0.8,0.3,0.1,1.4,1.3,6.8,009783,"COLSON, BONZIE",28,https://media-cdn.cortextech.io/3fa1da27-0721-4274-9d43-26910bec0f2d.png,ULK,FBB,Fenerbahce Beko Istanbul,https://media-cdn.cortextech.io/3b7f020e-5b39-49a1-b4b2-efea918edab7.png
110,40.0,3.0,17.098333333333333,6.6,0.8,2.0,40.5%,1.4,4.6,29.2%,1.0,1.2,81.2%,0.4,1.0,1.4,2.2,0.4,0.7,0.0,0.2,1.5,1.5,5.1,TGB,"LLULL, SERGIO",37,https://media-cdn.cortextech.io/38500d8f-02b6-40a7-a6b7-c9fb901a0f6e.png,MAD,RMB,Real Madrid,https://media-cdn.incrowdsports.com/371b0d9b-9250-4c09-bda7-0686cf024657.png
111,34.0,16.0,22.367156862745098,6.6,1.1,2.3,48.1%,0.8,1.9,39.4%,2.0,2.4,83.1%,1.0,1.8,2.9,1.8,0.5,0.9,0.1,0.1,2.7,2.9,8.2,002329,"ULANOVAS, EDGARAS",32,https://media-cdn.cortextech.io/c37e8132-0498-4172-8e32-4c7044bd4370.png,ZAL,ZAL,Zalgiris Kaunas,https://media-cdn.incrowdsports.com/0aa09358-3847-4c4e-b228-3582ee4e536d.png
112,36.0,32.0,23.643055555555556,6.5,1.4,2.3,60.2%,1.1,3.0,34.9%,0.6,0.8,69%,1.2,3.8,4.9,2.4,0.5,1.5,0.2,0.2,1.8,1.1,9.2,007201,"VOIGTMANN, JOHANNES",32,https://media-cdn.cortextech.io/f25b3c46-64c0-4108-8168-c0ac3aa4a6bb.png,MUN,BAY,FC Bayern Munich,https://media-cdn.incrowdsports.com/817b0e58-d595-4b09-ab0b-1e7cc26249ff.png
113,39.0,35.0,16.582905982905984,6.5,1.6,2.9,55.7%,0.7,1.9,39.2%,1.0,1.1,92.7%,0.9,2.0,2.9,1.0,0.5,1.0,0.2,0.2,1.7,1.3,6.9,012710,"OSMANI, ERCAN",26,https://media-cdn.cortextech.io/dee92a82-6870-48dc-8b39-9f8250620951.png,IST,EFS,Anadolu Efes Istanbul,https://media-cdn.cortextech.io/9a463aa2-ceb2-481c-9a95-1cddee0a248e.png
114,38.0,38.0,20.226754385964913,6.5,2.5,4.1,61.9%,0.0,0.0,0%,1.4,1.8,78.3%,1.8,2.8,4.6,0.5,1.0,0.9,0.8,0.3,2.8,1.6,9.0,010390,"HAYES, KEVARRIUS",27,https://media-cdn.cortextech.io/f8b50ed9-1f5a-4e02-9046-4ec6bd379217.png,PRS,PBB,Paris Basketball,https://media-cdn.incrowdsports.com/a033e5b3-0de7-48a3-98d9-d9a4b9df1f39.png
115,25.0,8.0,18.192666666666668,6.4,1.0,1.8,54.5%,1.3,2.3,57.9%,0.6,0.7,77.8%,0.5,1.3,1.8,0.9,0.2,0.8,0.2,0.2,2.6,1.2,5.3,001557,"GIFFEY, NIELS",33,https://media-cdn.cortextech.io/4238ce12-6d72-4f5a-83dd-fc4a970e13b9.png,MUN,BAY,FC Bayern Munich,https://media-cdn.incrowdsports.com/817b0e58-d595-4b09-ab0b-1e7cc26249ff.png
116,29.0,24.0,14.729885057471265,6.4,2.3,3.9,59.3%,0.3,0.7,47.4%,0.9,1.6,54.3%,1.2,1.9,3.1,0.9,0.3,0.9,0.3,0.1,2.0,2.0,7.5,LCZ,"MOTIEJUNAS, DONATAS",34,https://media-cdn.incrowdsports.com/39083acc-1aae-4898-b1e0-0ec50c84f03e.png,MCO,ASM,AS Monaco,https://media-cdn.incrowdsports.com/89ed276a-2ba3-413f-8ea2-b3be209ca129.png
117,35.0,1.0,16.244761904761905,6.3,1.1,2.8,38.1%,1.0,2.5,39.1%,1.3,1.5,81.5%,0.2,1.3,1.6,3.3,0.5,1.2,0.0,0.2,1.4,2.2,7.5,012044,"DOS SANTOS, YAGO",25,https://media-cdn.incrowdsports.com/6d744023-a776-440a-b713-1d6eea2f9637.png,RED,CZV,Crvena Zvezda Meridianbet Belgrade,https://media-cdn.incrowdsports.com/d2eef4a8-62df-4fdd-9076-276004268515.png
118,38.0,11.0,14.914473684210526,6.3,1.6,3.1,53.4%,0.7,2.1,33.3%,0.9,1.1,80.5%,0.3,1.7,2.0,2.7,0.8,1.3,0.1,0.1,1.1,1.3,7.6,009622,"BROWN, LORENZO",34,https://media-cdn.cortextech.io/8c072cdd-59ae-4c44-8388-6a1903cd239e.png,PAN,PAO,Panathinaikos AKTOR Athens,https://media-cdn.incrowdsports.com/e3dff28a-9ec6-4faf-9d96-ecbc68f75780.png
119,31.0,10.0,15.853225806451613,6.2,2.1,3.5,60%,0.0,0.0,0%,2.0,2.8,70.1%,1.3,1.8,3.1,0.4,0.6,0.7,0.4,0.2,2.0,2.2,7.9,013374,"DIOUF, MOUHAMET",23,https://media-cdn.cortextech.io/b66cdc05-d0ad-4ffd-9cc7-11a8748b1768.png,VIR,VIR,Virtus Bologna,https://media-cdn.cortextech.io/1362801d-dd09-4fd0-932d-ead56063ab77.png
120,29.0,2.0,12.317816091954022,6.2,2.1,3.3,63.2%,0.4,1.4,31.7%,0.7,1.0,75%,1.3,1.9,3.2,0.7,0.2,1.2,0.5,0.1,1.9,0.9,6.0,003583,"IBAKA, SERGE",35,https://media-cdn.incrowdsports.com/748b5640-038f-4608-90f1-2bdf439b3f4c.png,MAD,RMB,Real Madrid,https://media-cdn.incrowdsports.com/371b0d9b-9250-4c09-bda7-0686cf024657.png
121,30.0,1.0,13.73611111111111,6.2,1.1,2.5,45.3%,1.0,3.4,29.4%,0.9,1.1,81.8%,0.1,0.4,0.5,0.9,0.3,0.6,0.0,0.2,1.4,0.8,2.5,BCN,"BELINELLI, MARCO",38,https://media-cdn.incrowdsports.com/95f413de-ce11-4fe1-916a-3984551ceba7.png,VIR,VIR,Virtus Bologna,https://media-cdn.cortextech.io/1362801d-dd09-4fd0-932d-ead56063ab77.png
122,39.0,13.0,16.146153846153847,6.0,1.7,3.1,53.3%,0.7,1.7,43.1%,0.5,0.8,66.7%,1.0,1.9,2.9,0.6,0.5,0.6,0.1,0.2,1.9,0.9,5.6,007866,"MITOGLOU, KONSTANTINOS",28,https://media-cdn.cortextech.io/786a3466-8cef-47d3-86c6-487cc42cab85.png,PAN,PAO,Panathinaikos AKTOR Athens,https://media-cdn.incrowdsports.com/e3dff28a-9ec6-4faf-9d96-ecbc68f75780.png
123,32.0,22.0,16.525520833333335,6.0,2.6,4.1,64.1%,0.0,0.2,0%,0.7,1.8,41.1%,1.9,2.0,3.9,0.7,0.6,1.2,0.9,0.3,2.8,1.8,7.0,013383,"GABRIEL, WENYEN",27,https://media-cdn.cortextech.io/b2a934ec-11e0-4328-b9e4-2fefc29b4578.png,TEL;PAN,MTA;PAO,Maccabi Rapyd Tel Aviv;Panathinaikos AKTOR Athens,https://media-cdn.incrowdsports.com/5c55ef14-29df-4328-bd52-a7a64c432350.png;https://media-cdn.incrowdsports.com/e3dff28a-9ec6-4faf-9d96-ecbc68f75780.png
124,39.0,34.0,23.705128205128204,5.9,1.7,3.3,50%,0.6,1.8,34.7%,0.7,1.0,67.5%,0.8,2.4,3.2,5.3,0.9,1.8,0.1,0.1,2.3,1.6,9.7,002939,"SATORANSKY, TOMAS",33,https://media-cdn.cortextech.io/8bc8bebe-90c0-4d43-8340-2210a16a5d1f.png,BAR,BAR,FC Barcelona,https://media-cdn.incrowdsports.com/35dfa503-e417-481f-963a-bdf6f013763e.png
125,39.0,28.0,18.87136752136752,5.9,1.1,1.9,58.9%,1.0,2.2,46%,0.6,0.7,88.5%,0.4,1.9,2.4,1.7,0.5,0.5,0.0,0.0,1.8,0.6,6.6,003733,"ABALDE, ALBERTO",29,https://media-cdn.cortextech.io/72807eac-571d-4e7b-ac26-93986d5d0e80.png,MAD,RMB,Real Madrid,https://media-cdn.incrowdsports.com/371b0d9b-9250-4c09-bda7-0686cf024657.png
126,22.0,13.0,14.914393939393939,5.9,0.5,1.3,42.9%,1.0,3.1,32.4%,1.8,2.4,75%,0.4,0.8,1.1,2.3,0.4,1.3,0.0,0.0,2.0,2.8,5.8,008104,"ZAGARS, ARTURS",24,https://media-cdn.cortextech.io/b730ece6-d4b7-409a-84d6-398b9bc1315c.png,ULK,FBB,Fenerbahce Beko Istanbul,https://media-cdn.cortextech.io/3b7f020e-5b39-49a1-b4b2-efea918edab7.png
127,30.0,18.0,24.011666666666667,5.8,1.5,3.1,46.8%,0.8,2.1,39.1%,0.4,0.5,78.6%,0.7,1.1,1.8,1.9,0.6,1.1,0.1,0.4,2.0,0.9,4.5,007513,"GIEDRAITIS, DOVYDAS",24,https://media-cdn.cortextech.io/ef636bf4-aa3b-451e-b816-00d8a94cf5f2.png,ZAL,ZAL,Zalgiris Kaunas,https://media-cdn.incrowdsports.com/0aa09358-3847-4c4e-b228-3582ee4e536d.png
128,35.0,32.0,17.37238095238095,5.8,2.5,3.4,73.7%,0.0,0.0,0%,0.8,1.9,41.2%,1.3,1.6,2.9,1.9,0.3,0.9,0.8,0.1,2.4,2.2,8.3,008811,"FALL, MOUSTAPHA",32,https://media-cdn.incrowdsports.com/691e5b14-6518-4067-8343-013b90f2fd3f.png,OLY,OLY,Olympiacos Piraeus,https://media-cdn.incrowdsports.com/789423ac-3cdf-4b89-b11c-b458aa5f59a6.png
129,23.0,12.0,18.19855072463768,5.7,1.9,3.1,62%,0.4,2.0,19.6%,0.7,1.0,77.3%,1.0,1.7,2.7,1.6,0.8,0.7,0.2,0.3,2.6,1.5,5.9,008211,"DELOW, MALTE",23,https://media-cdn.incrowdsports.com/4402c134-97e3-485e-ac5d-ea9bdb7bba28.png,BER,BER,ALBA Berlin,https://media-cdn.incrowdsports.com/ccc34858-22b0-47dc-904c-9940b0a16ff3.png
130,22.0,8.0,19.052272727272726,5.7,1.2,2.1,55.3%,1.0,2.9,35.9%,0.2,0.2,100%,0.3,1.5,1.7,3.8,0.6,1.3,0.1,0.3,1.3,0.7,7.0,008062,"MCDOWELL-WHITE, WILL",26,https://media-cdn.cortextech.io/1b6b5e70-f5d1-4642-a8ce-719a052fc06e.png,BER,BER,ALBA Berlin,https://media-cdn.incrowdsports.com/ccc34858-22b0-47dc-904c-9940b0a16ff3.png
131,25.0,2.0,12.543333333333333,5.6,2.1,3.2,65%,0.0,0.0,0%,1.5,2.2,67.3%,1.1,1.8,2.9,1.0,0.2,1.0,0.2,0.2,1.8,2.2,7.4,002553,"MITROVIC, LUKA",31,https://media-cdn.incrowdsports.com/a68d0c8a-9eb6-4474-962c-16864ab255db.png,RED,CZV,Crvena Zvezda Meridianbet Belgrade,https://media-cdn.incrowdsports.com/d2eef4a8-62df-4fdd-9076-276004268515.png
132,23.0,9.0,19.06376811594203,5.6,1.7,2.5,67.2%,0.5,2.4,19.6%,0.8,1.0,75%,1.0,1.9,2.8,1.1,0.3,0.8,0.5,0.1,2.9,1.7,5.1,006919,"OLINDE, LOUIS",26,https://media-cdn.cortextech.io/c453742e-1388-429c-aeaa-dc36c2f07c33.png,BER,BER,ALBA Berlin,https://media-cdn.incrowdsports.com/ccc34858-22b0-47dc-904c-9940b0a16ff3.png
133,32.0,16.0,19.616666666666667,5.6,1.3,2.3,56.2%,0.8,2.8,29.2%,0.6,1.0,57.6%,1.1,2.2,3.3,0.4,0.4,0.9,0.2,0.2,2.3,1.3,4.5,006251,"SCHNEIDER, TIM",27,https://media-cdn.incrowdsports.com/3c4d48d7-a0e1-4375-9246-2d9fc7bf969a.png,BER,BER,ALBA Berlin,https://media-cdn.incrowdsports.com/ccc34858-22b0-47dc-904c-9940b0a16ff3.png
134,33.0,17.0,13.07020202020202,5.5,1.3,2.1,61.8%,0.7,1.8,36.1%,1.0,1.2,78%,0.9,1.5,2.4,0.7,0.4,0.6,0.5,0.1,2.3,1.1,5.3,002968,"SANLI, SERTAC",33,https://media-cdn.incrowdsports.com/253a34da-7f58-4354-a9a5-cc06507200c6.png,ULK,FBB,Fenerbahce Beko Istanbul,https://media-cdn.cortextech.io/3b7f020e-5b39-49a1-b4b2-efea918edab7.png
135,27.0,11.0,14.427777777777779,5.4,0.6,1.2,50%,1.3,3.0,42.7%,0.4,0.4,90.9%,0.3,0.9,1.2,0.3,0.1,0.6,0.0,0.2,1.7,0.5,2.7,010316,"AJINCA, MELVIN",20,https://media-cdn.cortextech.io/95228ab6-9d8d-4d35-a796-1734d65e28fb.png,ASV,ASV,LDLC ASVEL Villeurbanne,https://media-cdn.incrowdsports.com/e33c6d1a-95ca-4dbc-b8cb-0201812104cc.png
136,30.0,21.0,23.615555555555556,5.4,0.8,1.7,49%,1.0,3.0,34.8%,0.6,0.8,79.2%,0.3,2.1,2.4,4.1,1.2,1.3,0.1,0.3,2.7,1.3,7.2,006739,"PAJOLA, ALESSANDRO",25,https://media-cdn.cortextech.io/ccc6aac9-c905-4988-a055-0a0bc8b13010.png,VIR,VIR,Virtus Bologna,https://media-cdn.cortextech.io/1362801d-dd09-4fd0-932d-ead56063ab77.png
137,34.0,17.0,13.02156862745098,5.3,2.1,3.4,63.5%,0.0,0.0,0%,1.0,1.7,59.6%,0.9,1.8,2.7,0.4,0.1,0.7,0.5,0.2,2.3,1.5,5.4,005504,"BIRUTIS, LAURYNAS",27,https://media-cdn.cortextech.io/ec9e23f4-7618-42d7-9ccd-05bb89fe2e4b.png,ZAL,ZAL,Zalgiris Kaunas,https://media-cdn.incrowdsports.com/0aa09358-3847-4c4e-b228-3582ee4e536d.png
138,23.0,5.0,11.970289855072464,5.3,0.7,1.4,51.5%,1.1,3.0,35.7%,0.5,0.8,63.2%,0.1,0.8,0.9,1.4,0.5,1.1,0.0,0.1,1.4,1.4,3.9,013378,"RATHAN-MAYES, XAVIER",30,https://media-cdn.cortextech.io/be33c25c-a375-46b0-8fa6-b978b93ac5f0.png,MAD,RMB,Real Madrid,https://media-cdn.incrowdsports.com/371b0d9b-9250-4c09-bda7-0686cf024657.png
139,34.0,12.0,16.351470588235294,5.2,1.6,3.4,48.3%,0.4,1.1,41.7%,0.6,1.0,57.1%,0.3,1.4,1.6,1.6,1.1,1.1,0.2,0.4,2.4,1.3,4.4,013371,"HARRISON, SHAQUILLE",31,https://media-cdn.cortextech.io/3b994fa6-5da8-4559-ac9a-6c6400e3fd99.png,ASV,ASV,LDLC ASVEL Villeurbanne,https://media-cdn.incrowdsports.com/e33c6d1a-95ca-4dbc-b8cb-0201812104cc.png
140,33.0,6.0,17.421212121212122,5.2,0.2,0.6,33.3%,1.3,3.1,42.7%,0.7,0.8,88.9%,0.7,1.2,1.9,0.7,0.7,0.2,0.0,0.1,2.3,1.8,5.2,007990,"DIBARTOLOMEO, JOHN",33,https://media-cdn.cortextech.io/8d21b46c-77f3-4241-834a-c819a514fc58.png,TEL,MTA,Maccabi Rapyd Tel Aviv,https://media-cdn.incrowdsports.com/5c55ef14-29df-4328-bd52-a7a64c432350.png
141,25.0,5.0,15.576666666666668,5.0,1.6,2.9,53.4%,0.4,1.6,27.5%,0.5,0.8,65%,0.6,1.9,2.5,3.4,0.8,1.3,0.0,0.1,2.1,2.0,7.4,010106,"NUNEZ, JUAN",20,https://media-cdn.cortextech.io/d990406b-fe36-45c0-9561-61f93c4ced9b.png,BAR,BAR,FC Barcelona,https://media-cdn.incrowdsports.com/35dfa503-e417-481f-963a-bdf6f013763e.png
142,38.0,1.0,17.27675438596491,4.9,1.0,1.7,61.9%,0.8,2.2,37.3%,0.4,0.7,60.7%,1.3,2.8,4.1,1.1,0.6,0.7,0.4,0.0,2.8,1.5,6.8,002849,"MELLI, NICOLO",33,https://media-cdn.cortextech.io/101176a1-0695-40e3-a635-b6ed80d17e6e.png,ULK,FBB,Fenerbahce Beko Istanbul,https://media-cdn.cortextech.io/3b7f020e-5b39-49a1-b4b2-efea918edab7.png
143,31.0,6.0,14.979569892473119,4.9,1.6,2.8,58.6%,0.4,1.5,23.9%,0.5,0.7,77.3%,0.9,1.9,2.8,0.6,0.6,0.4,0.1,0.2,1.4,0.8,5.5,007464,"PARRA, JOEL",24,https://media-cdn.cortextech.io/f7ed6b45-8416-4bfc-8d40-51b9635dae75.png,BAR,BAR,FC Barcelona,https://media-cdn.incrowdsports.com/35dfa503-e417-481f-963a-bdf6f013763e.png
144,25.0,5.0,15.460666666666667,4.8,1.8,2.8,65.2%,0.2,0.8,31.6%,0.5,0.8,68.4%,1.2,1.9,3.1,0.5,0.5,0.8,0.2,0.2,2.1,1.3,5.6,011244,"DA SILVA, OSCAR",26,https://media-cdn.cortextech.io/1cd31b45-1360-4dc2-a279-504d2a1c44e8.png,MUN,BAY,FC Bayern Munich,https://media-cdn.incrowdsports.com/817b0e58-d595-4b09-ab0b-1e7cc26249ff.png
145,38.0,29.0,18.768859649122806,4.8,0.7,1.2,57.4%,0.9,2.6,34%,0.7,1.0,69.2%,0.6,2.2,2.8,2.1,0.6,0.8,0.3,0.1,1.9,0.9,6.2,001255,"PAPANIKOLAOU, KOSTAS",34,https://media-cdn.cortextech.io/92915bcc-f8c5-44d0-87c0-6fed89e69b69.png,OLY,OLY,Olympiacos Piraeus,https://media-cdn.incrowdsports.com/789423ac-3cdf-4b89-b11c-b458aa5f59a6.png
146,33.0,5.0,14.193939393939393,4.8,1.5,2.7,54.4%,0.4,1.5,29.2%,0.5,0.9,62.1%,0.4,1.4,1.8,1.6,0.7,0.7,0.1,0.3,2.1,1.5,4.8,011247,"FELIZ, ANDRES",27,https://media-cdn.cortextech.io/88b1e489-c8a9-4cd8-8137-db11145b579a.png,MAD,RMB,Real Madrid,https://media-cdn.incrowdsports.com/371b0d9b-9250-4c09-bda7-0686cf024657.png
146,33.0,6.0,16.242929292929293,4.8,1.0,1.7,56.1%,0.6,2.3,27.6%,0.9,1.2,79.5%,0.9,1.9,2.8,0.9,0.5,0.5,0.4,0.1,1.4,1.2,6.0,002084,"POLONARA, ACHILLE",33,https://media-cdn.incrowdsports.com/1cbaecd9-0811-4c56-b6db-96ca70ea1141.png,VIR,VIR,Virtus Bologna,https://media-cdn.cortextech.io/1362801d-dd09-4fd0-932d-ead56063ab77.png
148,34.0,2.0,15.800980392156863,4.8,0.9,1.6,51.8%,0.7,2.0,35.3%,0.9,1.3,72.7%,0.5,1.5,2.0,0.8,0.7,0.3,0.1,0.1,1.6,1.0,5.0,006436,"GIEDRAITIS, ROKAS",32,https://media-cdn.incrowdsports.com/514eb8b6-1987-43f8-b24b-748065632795.png,RED,CZV,Crvena Zvezda Meridianbet Belgrade,https://media-cdn.incrowdsports.com/d2eef4a8-62df-4fdd-9076-276004268515.png
149,33.0,10.0,17.671212121212122,4.8,0.6,1.2,48.7%,1.1,2.9,36.8%,0.4,0.5,82.4%,0.1,1.4,1.5,2.7,0.7,1.0,0.1,0.1,2.2,1.2,5.2,007947,"VILDOZA, LUCA",29,https://media-cdn.cortextech.io/45cd50c3-c3b7-4cf6-92ee-f7955216e2da.png,OLY,OLY,Olympiacos Piraeus,https://media-cdn.incrowdsports.com/789423ac-3cdf-4b89-b11c-b458aa5f59a6.png
150,37.0,18.0,17.006756756756758,4.5,0.4,0.8,50%,1.1,2.8,37.9%,0.6,0.6,91.3%,0.8,1.3,2.1,0.7,0.5,0.3,0.1,0.1,2.4,1.2,4.2,003478,"ABRINES, ALEX",31,https://media-cdn.incrowdsports.com/47795ee0-c812-487a-be8a-67900a5ab8d5.png,BAR,BAR,FC Barcelona,https://media-cdn.incrowdsports.com/35dfa503-e417-481f-963a-bdf6f013763e.png
151,35.0,17.0,14.864285714285714,4.5,0.9,1.7,49.2%,0.8,2.6,30.4%,0.4,0.4,100%,0.7,1.1,1.8,0.3,0.4,0.5,0.1,0.2,1.3,0.3,2.6,004197,"OUATTARA, YAKUBA",32,https://media-cdn.cortextech.io/7a130397-0f2a-47a2-adc3-eed775bcbf37.png,PRS,PBB,Paris Basketball,https://media-cdn.incrowdsports.com/a033e5b3-0de7-48a3-98d9-d9a4b9df1f39.png
152,33.0,17.0,22.01313131313131,4.5,0.6,1.3,46.5%,0.8,2.2,38%,0.8,1.1,74.3%,0.9,2.8,3.7,1.2,1.0,0.7,0.3,0.2,2.5,1.6,6.5,002676,"BUTKEVICIUS, ARNAS",32,https://media-cdn.cortextech.io/141e5608-9388-4c11-96ed-fbe12fa4a1bf.png,ZAL,ZAL,Zalgiris Kaunas,https://media-cdn.incrowdsports.com/0aa09358-3847-4c4e-b228-3582ee4e536d.png
153,23.0,11.0,13.681884057971015,4.4,1.0,2.0,50%,0.5,1.9,27.9%,0.9,1.1,80%,0.8,1.7,2.5,0.7,0.4,0.5,0.2,0.1,1.5,0.8,4.4,013365,"BROWN, VITTO",29,https://media-cdn.cortextech.io/6de3c594-00fd-4ad5-aa95-505a5c2b11ca.png,MCO,ASM,AS Monaco,https://media-cdn.incrowdsports.com/89ed276a-2ba3-413f-8ea2-b3be209ca129.png
154,33.0,22.0,19.44242424242424,4.4,0.7,1.7,43.6%,0.8,2.1,40.6%,0.4,0.5,77.8%,0.3,1.5,1.8,1.0,0.5,0.6,0.1,0.1,2.5,0.9,3.2,003526,"LIGHTY, DAVID",36,https://media-cdn.cortextech.io/6eb519a5-da37-4b4b-bc03-467432aa3c8b.png,ASV,ASV,LDLC ASVEL Villeurbanne,https://media-cdn.incrowdsports.com/e33c6d1a-95ca-4dbc-b8cb-0201812104cc.png
155,29.0,18.0,10.444252873563219,4.4,1.9,2.7,70.1%,0.0,0.0,0%,0.7,1.0,66.7%,1.4,2.0,3.3,0.0,0.1,0.9,0.2,0.1,1.8,1.0,5.2,006568,"FALL, YOUSSOUPHA",29,https://media-cdn.cortextech.io/d1ddd241-43e3-4ae0-bfd7-e382bbeb97a6.png,BAR,BAR,FC Barcelona,https://media-cdn.incrowdsports.com/35dfa503-e417-481f-963a-bdf6f013763e.png
156,26.0,1.0,9.12948717948718,4.3,1.6,2.4,67.7%,0.1,0.3,25%,0.9,1.2,76.7%,1.0,1.1,2.2,0.2,0.3,0.5,0.5,0.0,1.9,0.8,4.6,007639,"BRANKOVIC, DANKO",24,https://media-cdn.incrowdsports.com/62e22400-6f30-4a28-9288-8df658855669.png,MUN,BAY,FC Bayern Munich,https://media-cdn.incrowdsports.com/817b0e58-d595-4b09-ab0b-1e7cc26249ff.png
157,27.0,4.0,15.05493827160494,4.2,1.5,2.7,54.1%,0.2,1.3,16.7%,0.6,1.0,55.6%,1.0,1.1,2.1,1.3,0.6,1.0,0.0,0.3,2.4,1.0,2.6,011631,"RAPIEQUE, ELIAS",20,https://media-cdn.incrowdsports.com/2adc2962-bb44-4461-8365-63e58f2861dc.png,BER,BER,ALBA Berlin,https://media-cdn.incrowdsports.com/ccc34858-22b0-47dc-904c-9940b0a16ff3.png
158,32.0,11.0,14.4609375,4.1,1.8,2.8,62.9%,0.0,0.1,0%,0.6,1.1,52.8%,1.7,1.9,3.6,0.5,0.3,0.7,0.5,0.3,2.0,1.4,5.8,008072,"DIOP, KHALIFA",22,https://media-cdn.cortextech.io/d78b882f-2f17-4f2a-8685-55cd7f75be1b.png,BAS,BKN,Baskonia Vitoria-Gasteiz,https://media-cdn.incrowdsports.com/e324a6af-2a72-443e-9813-8bf2d364ddab.png
159,34.0,16.0,15.699019607843137,4.1,1.7,2.7,62.4%,0.0,0.1,0%,0.7,1.1,63.9%,1.7,1.6,3.3,0.9,0.5,0.6,0.5,0.1,2.8,1.0,5.4,003048,"DUNSTON, BRYANT",38,https://media-cdn.cortextech.io/e3c4915b-e70f-4813-9bdb-43bbbc606e33.png,ZAL,ZAL,Zalgiris Kaunas,https://media-cdn.incrowdsports.com/0aa09358-3847-4c4e-b228-3582ee4e536d.png
160,28.0,5.0,9.81904761904762,4.1,1.4,2.1,65%,0.0,0.2,16.7%,1.2,1.3,89.2%,0.7,0.8,1.5,0.5,0.1,0.3,0.0,0.1,1.2,1.0,4.4,005460,"HARRIS, ELIAS",35,https://media-cdn.cortextech.io/214b4fa2-16fd-4ef9-b8ac-b08745e7628f.png,MUN,BAY,FC Bayern Munich,https://media-cdn.incrowdsports.com/817b0e58-d595-4b09-ab0b-1e7cc26249ff.png
161,26.0,20.0,20.231410256410257,4.0,0.8,1.7,50%,0.7,1.9,34%,0.3,0.5,61.5%,0.5,1.8,2.3,4.6,1.0,1.5,0.1,0.1,2.6,1.7,7.2,008855,"WALKUP, THOMAS",32,https://media-cdn.cortextech.io/5a798730-2697-4550-b3b3-df119a860b18.png,OLY,OLY,Olympiacos Piraeus,https://media-cdn.incrowdsports.com/789423ac-3cdf-4b89-b11c-b458aa5f59a6.png
162,27.0,9.0,14.096913580246914,3.9,1.3,2.0,65.5%,0.3,1.3,23.5%,0.4,0.7,50%,0.9,2.2,3.1,0.6,0.6,0.6,0.4,0.2,2.6,0.6,3.8,007630,"GARUBA, USMAN",22,https://media-cdn.cortextech.io/fb919f50-9e7d-4bbf-af92-3763895ba6b7.png,MAD,RMB,Real Madrid,https://media-cdn.incrowdsports.com/371b0d9b-9250-4c09-bda7-0686cf024657.png
163,23.0,13.0,15.357971014492755,3.9,1.0,1.7,63.2%,0.4,1.7,25.6%,0.5,0.8,57.9%,1.0,1.4,2.4,0.7,0.6,0.6,0.1,0.1,1.8,1.0,4.0,011836,"MIKE, ISIAHA",27,https://media-cdn.cortextech.io/ecbfbe3b-017a-4082-b76b-5ad895a1b047.png,PAR,PAR,Partizan Mozzart Bet Belgrade,https://media-cdn.incrowdsports.com/2681304e-77dd-4331-88b1-683078c0fb49.png
164,27.0,7.0,12.784567901234569,3.9,1.0,1.7,60.9%,0.5,1.6,29.5%,0.3,0.5,69.2%,0.7,1.5,2.2,1.2,0.6,0.5,1.0,0.0,2.1,0.6,4.7,008232,"POKUSEVSKI, ALEKSEJ",23,https://media-cdn.cortextech.io/48c507e4-5d3d-45fa-8178-80cfacc0fdcc.png,PAR,PAR,Partizan Mozzart Bet Belgrade,https://media-cdn.incrowdsports.com/2681304e-77dd-4331-88b1-683078c0fb49.png
165,28.0,10.0,12.549404761904762,3.8,1.0,1.5,65.9%,0.4,0.9,40%,0.8,1.0,82.1%,0.3,1.5,1.8,0.5,0.4,0.3,0.2,0.1,1.6,1.0,4.4,007960,"DAVIDOVAC, DEJAN",29,https://media-cdn.cortextech.io/1f3790c6-a754-4e43-b322-9c50695d71d5.png,RED,CZV,Crvena Zvezda Meridianbet Belgrade,https://media-cdn.incrowdsports.com/d2eef4a8-62df-4fdd-9076-276004268515.png
166,28.0,0.0,10.33095238095238,3.7,1.5,2.1,68.3%,0.0,0.0,0%,0.8,1.4,57.9%,1.0,1.3,2.3,0.4,0.1,1.1,0.1,0.1,2.4,1.3,3.2,008991,"BLACK, TARIK",33,https://media-cdn.incrowdsports.com/31431122-8f94-41c1-ae56-2c34657c17c3.png,ASV,ASV,LDLC ASVEL Villeurbanne,https://media-cdn.incrowdsports.com/e33c6d1a-95ca-4dbc-b8cb-0201812104cc.png
167,22.0,3.0,15.02727272727273,3.6,0.8,1.8,46.2%,0.5,2.2,25%,0.4,0.4,100%,0.4,1.1,1.5,0.6,0.2,0.5,0.0,0.2,1.7,0.9,1.8,000229,"JACKSON, EDWIN",35,https://media-cdn.cortextech.io/b6d8b256-85dc-407d-a292-9d54802109cf.png,ASV,ASV,LDLC ASVEL Villeurbanne,https://media-cdn.incrowdsports.com/e33c6d1a-95ca-4dbc-b8cb-0201812104cc.png
168,32.0,15.0,15.1125,3.6,0.5,0.7,65.2%,0.8,1.8,44.8%,0.2,0.2,100%,0.6,1.9,2.5,0.4,0.4,0.4,0.2,0.0,2.5,0.3,3.2,001518,"RICCI, GIAMPAOLO",33,https://media-cdn.cortextech.io/f5767f49-5fc2-4639-95ef-06246240ca9b.png,MIL,EA7,EA7 Emporio Armani Milan,https://media-cdn.cortextech.io/9512ee73-a0f1-4647-a01e-3c2938aba6b8.png
169,25.0,19.0,13.978,3.6,0.7,1.3,54.5%,0.6,1.8,34.1%,0.3,0.5,66.7%,0.7,1.7,2.4,0.5,0.6,0.2,0.1,0.0,1.4,0.7,4.2,009213,"NDIAYE, ELI",20,https://media-cdn.incrowdsports.com/2ce6d0d0-375c-468c-8af4-40b1dfdcad00.png,MAD,RMB,Real Madrid,https://media-cdn.incrowdsports.com/371b0d9b-9250-4c09-bda7-0686cf024657.png
170,27.0,13.0,11.079629629629629,3.5,0.9,1.4,60.5%,0.5,1.7,28.9%,0.3,0.4,75%,0.3,0.8,1.1,0.4,0.5,0.6,0.1,0.0,1.3,0.6,2.3,004007,"DOBRIC, OGNJEN",30,https://media-cdn.cortextech.io/80c68581-78c5-44b8-b3ea-21555bfaff4f.png,RED,CZV,Crvena Zvezda Meridianbet Belgrade,https://media-cdn.incrowdsports.com/d2eef4a8-62df-4fdd-9076-276004268515.png
171,36.0,19.0,13.665277777777778,3.5,1.3,2.3,58.5%,0.0,0.0,0%,0.8,1.1,72.5%,1.6,2.0,3.7,0.6,0.4,0.9,0.4,0.0,2.3,1.1,5.2,007182,"BIRCH, KHEM",32,https://media-cdn.cortextech.io/07341c6e-b835-4434-bf94-87314dea546b.png,ULK,FBB,Fenerbahce Beko Istanbul,https://media-cdn.cortextech.io/3b7f020e-5b39-49a1-b4b2-efea918edab7.png
172,23.0,8.0,9.835507246376812,3.4,0.7,1.6,44.4%,0.3,1.2,29.6%,1.0,1.2,85.2%,0.3,0.7,1.0,0.3,0.4,0.8,0.0,0.2,1.1,1.6,2.9,012591,"TUCKER, RAYJON",27,https://media-cdn.incrowdsports.com/8dcf5706-93ef-4be4-a5c2-6c1d8c6bbbe3.png,VIR,VIR,Virtus Bologna,https://media-cdn.cortextech.io/1362801d-dd09-4fd0-932d-ead56063ab77.png
173,25.0,1.0,11.550666666666666,3.3,0.7,1.4,50%,0.4,1.2,36.7%,0.6,0.7,94.1%,0.6,1.5,2.0,0.8,0.3,0.4,0.2,0.2,0.8,1.0,4.8,010560,"PIERRE, DYSHAWN",31,https://media-cdn.incrowdsports.com/7f04a6d9-d458-47c5-a453-b089904b8992.png,ULK,FBB,Fenerbahce Beko Istanbul,https://media-cdn.cortextech.io/3b7f020e-5b39-49a1-b4b2-efea918edab7.png
174,24.0,11.0,8.936111111111112,3.3,0.3,0.7,43.8%,0.9,2.3,37.5%,0.1,0.2,50%,0.2,1.0,1.2,0.3,0.2,0.3,0.0,0.0,1.2,0.3,1.9,012715,"MANEK, BRADY",26,https://media-cdn.incrowdsports.com/a71d0828-d073-452d-802b-7a82e66b4f1e.png,ZAL,ZAL,Zalgiris Kaunas,https://media-cdn.incrowdsports.com/0aa09358-3847-4c4e-b228-3582ee4e536d.png
175,29.0,4.0,14.378160919540228,3.2,0.9,2.1,44.3%,0.2,1.2,16.7%,0.8,1.0,75.9%,0.7,1.7,2.3,0.9,0.3,0.8,0.0,0.3,1.9,1.3,2.7,012622,"MITCHELL, MATTHEW",25,https://media-cdn.cortextech.io/e4dcdc8b-c59a-426e-8605-116d19203045.png,ZAL,ZAL,Zalgiris Kaunas,https://media-cdn.incrowdsports.com/0aa09358-3847-4c4e-b228-3582ee4e536d.png
176,27.0,6.0,15.406172839506171,3.2,0.7,1.3,55.6%,0.5,1.1,45.2%,0.2,0.3,55.6%,0.4,1.5,1.9,1.1,0.3,0.3,0.1,0.1,1.1,0.7,4.5,006509,"TONUT, STEFANO",31,https://media-cdn.cortextech.io/b7367896-700a-4f7e-9a0b-a1425632b23b.png,MIL,EA7,EA7 Emporio Armani Milan,https://media-cdn.cortextech.io/9512ee73-a0f1-4647-a01e-3c2938aba6b8.png
177,27.0,1.0,11.52716049382716,3.1,0.7,1.3,55.9%,0.4,1.3,31.4%,0.5,0.8,66.7%,0.9,1.6,2.4,0.4,0.4,0.5,0.3,0.0,0.8,0.8,4.4,009664,"WILLIS, DEREK",29,https://media-cdn.cortextech.io/82d66d17-bc9a-4994-8a8f-c59b5db9df70.png,IST,EFS,Anadolu Efes Istanbul,https://media-cdn.cortextech.io/9a463aa2-ceb2-481c-9a95-1cddee0a248e.png
178,35.0,3.0,13.516190476190475,3.1,0.5,0.8,57.1%,0.6,1.4,45.8%,0.3,0.5,62.5%,0.8,1.3,2.1,0.4,0.4,0.5,0.3,0.1,1.5,0.6,3.4,005793,"SY, BANDJA",34,https://media-cdn.incrowdsports.com/a07f3230-7935-48ea-89d0-e323d7374266.png,PRS,PBB,Paris Basketball,https://media-cdn.incrowdsports.com/a033e5b3-0de7-48a3-98d9-d9a4b9df1f39.png
179,23.0,0.0,7.017391304347826,2.9,0.8,1.4,59.4%,0.3,0.9,28.6%,0.4,0.7,58.8%,0.1,0.7,0.7,0.5,0.2,0.9,0.1,0.3,1.1,0.7,1.2,012123,"KHARCHENKOV, IVAN",18,https://media-cdn.incrowdsports.com/3eb9cca0-1820-4e97-9745-16e629bb9a89.png,MUN,BAY,FC Bayern Munich,https://media-cdn.incrowdsports.com/817b0e58-d595-4b09-ab0b-1e7cc26249ff.png
180,26.0,6.0,10.573717948717949,2.8,0.8,1.4,59.5%,0.2,1.0,22.2%,0.5,0.8,57.1%,0.3,0.7,1.0,0.4,0.4,0.5,0.1,0.0,1.0,0.9,2.3,005161,"PAPAPETROU, IOANNIS",30,https://media-cdn.incrowdsports.com/34435fbb-b543-4cdd-84f6-62cf44448c88.png,PAN,PAO,Panathinaikos AKTOR Athens,https://media-cdn.incrowdsports.com/e3dff28a-9ec6-4faf-9d96-ecbc68f75780.png
181,36.0,0.0,10.934722222222222,2.8,1.0,1.6,64.9%,0.1,0.3,40%,0.4,0.6,72.7%,1.1,1.7,2.7,0.4,0.2,0.5,0.0,0.0,1.9,0.9,3.7,013373,"CAVALIERE, LEOPOLD",28,https://media-cdn.cortextech.io/1c8b9667-d931-4ace-ac5e-792f58d25cf4.png,PRS,PBB,Paris Basketball,https://media-cdn.incrowdsports.com/a033e5b3-0de7-48a3-98d9-d9a4b9df1f39.png
182,23.0,0.0,9.506521739130434,2.8,0.7,1.2,57.1%,0.2,0.7,33.3%,0.7,0.7,100%,0.6,0.9,1.5,0.4,0.1,0.6,0.0,0.2,1.1,0.6,2.6,005145,"COHEN, JAKE",34,https://media-cdn.incrowdsports.com/e8d3f0dc-cce9-4329-9d5b-03c76519199d.png,TEL,MTA,Maccabi Rapyd Tel Aviv,https://media-cdn.incrowdsports.com/5c55ef14-29df-4328-bd52-a7a64c432350.png
183,22.0,1.0,7.782575757575757,2.6,1.1,1.5,75.8%,0.0,0.0,0%,0.4,0.5,66.7%,0.9,0.6,1.5,0.3,0.2,0.4,0.5,0.2,1.8,0.6,2.7,006721,"CARUSO, GUGLIELMO",25,https://media-cdn.incrowdsports.com/29cec6e2-585d-42db-99e3-da503d3ada8e.png,MIL,EA7,EA7 Emporio Armani Milan,https://media-cdn.cortextech.io/9512ee73-a0f1-4647-a01e-3c2938aba6b8.png
184,33.0,8.0,11.39090909090909,2.6,0.5,1.2,40%,0.2,0.6,40%,0.9,1.2,75%,1.2,1.8,3.1,0.2,0.2,0.2,0.1,0.2,2.4,1.3,3.3,013381,"RAYMAN, WILLIAM",27,https://media-cdn.cortextech.io/ba0729de-ec3b-4e13-9479-f176f0c893fd.png,TEL,MTA,Maccabi Rapyd Tel Aviv,https://media-cdn.incrowdsports.com/5c55ef14-29df-4328-bd52-a7a64c432350.png
185,31.0,9.0,15.51774193548387,2.5,0.4,1.1,38.2%,0.4,1.2,36.1%,0.4,0.5,85.7%,0.3,1.7,2.0,1.7,0.4,0.9,0.0,0.0,2.4,1.2,2.9,001844,"HACKETT, DANIEL",37,https://media-cdn.cortextech.io/923cef2e-6352-41a8-8db1-791d21db3100.png,VIR,VIR,Virtus Bologna,https://media-cdn.cortextech.io/1362801d-dd09-4fd0-932d-ead56063ab77.png
186,29.0,5.0,13.328735632183909,2.4,0.2,0.7,36.8%,0.6,2.6,23%,0.2,0.2,85.7%,0.1,0.7,0.8,0.5,0.5,0.3,0.0,0.2,1.8,1.0,0.4,007025,"MATTISSECK, JONAS",24,https://media-cdn.incrowdsports.com/f233c467-32fb-41af-807b-07660af5fa2c.png,BER,BER,ALBA Berlin,https://media-cdn.incrowdsports.com/ccc34858-22b0-47dc-904c-9940b0a16ff3.png
187,23.0,6.0,11.567391304347826,2.2,0.3,0.7,53.3%,0.3,0.9,38.1%,0.5,0.7,73.3%,0.7,1.5,2.3,0.4,1.0,0.0,0.3,0.0,1.7,0.6,4.0,012515,"TARPEY, TERRY",30,https://media-cdn.cortextech.io/fe28df16-a99d-4da3-b71b-26bfa79b80eb.png,MCO,ASM,AS Monaco,https://media-cdn.incrowdsports.com/89ed276a-2ba3-413f-8ea2-b3be209ca129.png
188,22.0,0.0,10.112121212121211,2.0,0.4,1.4,29%,0.3,1.2,23.1%,0.3,0.5,63.6%,0.3,0.3,0.5,1.6,0.5,0.6,0.0,0.0,1.4,0.9,1.4,004058,"JARAMAZ, OGNJEN",29,https://media-cdn.incrowdsports.com/f0031d55-9883-419a-ae1d-775c39ad4af8.png,BAS,BKN,Baskonia Vitoria-Gasteiz,https://media-cdn.incrowdsports.com/e324a6af-2a72-443e-9813-8bf2d364ddab.png
189,30.0,1.0,7.545555555555556,1.9,0.3,0.9,35.7%,0.3,0.9,33.3%,0.4,0.5,68.8%,0.2,1.0,1.3,0.3,0.1,0.5,0.3,0.1,1.2,0.5,1.2,011649,"GONZALEZ, HUGO",18,https://media-cdn.incrowdsports.com/0ab7dbc1-b9a7-4360-b004-2f3c68012071.png,MAD,RMB,Real Madrid,https://media-cdn.incrowdsports.com/371b0d9b-9250-4c09-bda7-0686cf024657.png
190,32.0,10.0,7.355729166666666,1.8,0.5,0.9,55.2%,0.1,0.7,19%,0.4,0.6,72.2%,0.3,0.4,0.8,0.4,0.5,0.3,0.0,0.1,1.1,0.5,1.3,011209,"KALAITZAKIS, PANAGIOTIS",25,https://media-cdn.cortextech.io/370cc8f6-6da8-4a99-bf1c-d0390cf2f6fd.png,PAN,PAO,Panathinaikos AKTOR Athens,https://media-cdn.incrowdsports.com/e3dff28a-9ec6-4faf-9d96-ecbc68f75780.png
191,27.0,0.0,9.522222222222224,0.6,0.3,0.8,33.3%,0.0,0.0,0%,0.1,0.2,60%,0.9,1.4,2.4,0.2,0.3,0.8,0.3,0.0,2.6,0.3,0.1,004512,"KRATZER, LEON",27,https://media-cdn.cortextech.io/cc0faa1e-389e-4a0a-b03a-20dfdde91bf1.png,PRS,PBB,Paris Basketball,https://media-cdn.incrowdsports.com/a033e5b3-0de7-48a3-98d9-d9a4b9df1f39.png
